"Package","Version"
"abind","1.4-8"
"arrayhelpers","1.1-0"
"ash","1.0-15"
"askpass","1.2.1"
"backports","1.5.0"
"base64enc","0.1-3"
"bayesplot","1.12.0"
"bitops","1.0-9"
"broom","1.0.8"
"bslib","0.9.0"
"cachem","1.1.0"
"car","3.1-3"
"carData","3.0-5"
"changepoint","2.3"
"checkmate","2.3.2"
"classInt","0.4-11"
"cli","3.6.5"
"clv","0.3-2.4"
"coda","0.19-4.1"
"colorspace","2.1-1"
"cowplot","1.1.3"
"cpp11","0.5.2"
"crosstalk","1.2.1"
"crsmeta","0.3.0"
"curl","6.3.0"
"data.table","1.17.4"
"DBI","1.2.3"
"dbscan","1.2.2"
"Deriv","4.1.6"
"deSolve","1.40"
"digest","0.6.37"
"distributional","0.5.0"
"doBy","4.6.27"
"doParallel","1.0.17"
"dotCall64","1.2"
"dplyr","1.1.4"
"DT","0.33"
"dtw","1.23-1"
"e1071","1.7-16"
"ellipse","0.5.0"
"emmeans","1.11.1"
"estimability","1.5.1"
"evaluate","1.0.3"
"FactoMineR","2.11"
"fansi","1.0.6"
"farver","2.1.2"
"fastcluster","1.3.0"
"fastmap","1.2.0"
"fda","6.3.0"
"fdacluster","0.4.1"
"fdasrvf","2.3.6"
"fds","1.8"
"fields","16.3.1"
"flashClust","1.01-2"
"FNN","1.1.4.1"
"fontawesome","0.5.3"
"foreach","1.5.2"
"Formula","1.2-5"
"fs","1.6.6"
"future","1.58.0"
"future.apply","1.20.0"
"generics","0.1.4"
"ggdist","3.3.3"
"ggmap","4.0.1"
"ggplot2","3.5.2"
"ggrepel","0.9.6"
"ggridges","0.5.6"
"globals","0.18.0"
"glue","1.8.0"
"gridExtra","2.3"
"gtable","0.3.6"
"hdrcde","3.4"
"highr","0.11"
"htmltools","0.5.8.1"
"htmlwidgets","1.6.4"
"httpuv","1.6.16"
"httr","1.4.7"
"httr2","1.1.2"
"igraph","2.1.4"
"isoband","0.2.7"
"iterators","1.0.14"
"jpeg","0.1-11"
"jquerylib","0.1.4"
"jsonlite","2.0.0"
"kernlab","0.9-33"
"knitr","1.50"
"ks","1.15.1"
"labdsv","2.1-0"
"labeling","0.4.3"
"later","1.4.2"
"lazyeval","0.2.2"
"leaps","3.2"
"lifecycle","1.0.4"
"listenv","0.9.1"
"lme4","1.1-37"
"locfit","1.5-9.12"
"longitudinalData","2.4.7"
"loo","2.8.0"
"lpSolve","5.6.23"
"lubridate","1.9.4"
"magrittr","2.0.3"
"maotai","0.2.6"
"maps","3.4.3"
"MatrixModels","0.5-4"
"matrixStats","1.5.0"
"mclust","6.1.1"
"mcp","0.3.4"
"memoise","2.0.1"
"microbenchmark","1.5.0"
"mime","0.13"
"minpack.lm","1.2-4"
"minqa","1.2.8"
"misc3d","0.9-1"
"modelr","0.1.11"
"multcompView","0.1-10"
"multicool","1.0.1"
"mvtnorm","1.3-3"
"nloptr","2.2.1"
"numDeriv","2016.8-1.1"
"openssl","2.3.3"
"osmdata","0.2.5"
"parallelly","1.45.0"
"patchwork","1.3.0"
"pbkrtest","0.5.4"
"pcaPP","2.0-5"
"pillar","1.10.2"
"pkgconfig","2.0.3"
"plotly","4.10.4"
"plyr","1.8.9"
"png","0.1-8"
"posterior","1.6.1"
"pracma","2.4.4"
"progressr","0.15.1"
"PROJ","0.6.0"
"proj4","1.0-15"
"promises","1.3.3"
"proxy","0.4-27"
"purrr","1.0.4"
"quadprog","1.5-8"
"quantreg","6.1"
"R6","2.6.1"
"rainbow","3.8"
"RANN","2.6.2"
"rappdirs","0.3.3"
"raster","3.6-32"
"rbibutils","2.3"
"RColorBrewer","1.1-3"
"Rcpp","1.0.14"
"RcppArmadillo","14.4.3-1"
"RcppDist","0.1.1"
"RcppEigen","0.3.4.0.2"
"RcppParallel","5.1.10"
"RCurl","1.98-1.17"
"Rdpack","2.6.4"
"reformulas","0.4.1"
"reproj","0.7.0"
"reshape2","1.4.4"
"rgl","1.3.18"
"rjags","4-17"
"rlang","1.1.6"
"rlist","0.4.6.2"
"rmarkdown","2.29"
"rPref","1.4.0"
"RSpectra","0.16-2"
"Rtsne","0.17"
"rvest","1.0.4"
"s2","1.1.9"
"sass","0.4.10"
"scales","1.4.0"
"scatterplot3d","0.3-44"
"segmented","2.1-4"
"selectr","0.4-2"
"sf","1.0-21"
"shapes","1.2.7"
"sp","2.2-0"
"spam","2.11-1"
"SparseM","1.84-2"
"stringi","1.8.7"
"stringr","1.5.1"
"svUnit","1.0.6"
"sys","3.4.3"
"tensorA","0.36.2.1"
"terra","1.8-54"
"tibble","3.2.1"
"tidybayes","3.0.7"
"tidyr","1.3.1"
"tidyselect","1.2.1"
"timechange","0.3.0"
"tinytex","0.57"
"tolerance","3.0.0"
"transport","0.15-4"
"udunits2","0.13.2.1"
"units","0.8-7"
"utf8","1.2.5"
"vctrs","0.6.5"
"viridisLite","0.4.2"
"withr","3.0.2"
"wk","0.9.4"
"xfun","0.52"
"XML","3.99-0.18"
"xml2","1.3.8"
"xtable","1.8-4"
"yaml","2.3.10"
"zoo","1.8-14"
"docopt","0.7.1"
"littler","0.3.21"
"base","4.5.0"
"boot","1.3-31"
"class","7.3-23"
"cluster","2.1.8.1"
"codetools","0.2-20"
"compiler","4.5.0"
"datasets","4.5.0"
"foreign","0.8-90"
"graphics","4.5.0"
"grDevices","4.5.0"
"grid","4.5.0"
"KernSmooth","2.23-26"
"lattice","0.22-7"
"MASS","7.3-65"
"Matrix","1.7-3"
"methods","4.5.0"
"mgcv","1.9-3"
"nlme","3.1-168"
"nnet","7.3-20"
"parallel","4.5.0"
"rpart","4.1.24"
"spatial","7.3-18"
"splines","4.5.0"
"stats","4.5.0"
"stats4","4.5.0"
"survival","3.8-3"
"tcltk","4.5.0"
"tools","4.5.0"
"utils","4.5.0"
