"geometry";"rivers";"model_type";"stat";"NCP";"X";"Y";"alt";"id"
"1";c(4330623.8635417, 2563174.78638625, 389);"Adda";"M1";"Est";1;4330623.8635417;2563174.78638625;389;"Only_point"
"2";c(4330870.62856403, 2563704.86364136, 392);"Adda";"M1";"Low";1;4330870.62856403;2563704.86364136;392;"Only_point"
"3";c(4330337.24923671, 2562729.92466102, 387);"Adda";"M1";"Up";1;4330337.24923671;2562729.92466102;387;"Only_point"
"4";c(4335239.57298944, 2567764.17826087, 447);"Adda";"M2";"Est";2;4335239.57298944;2567764.17826087;447;"Upper_point"
"5";c(4335677.76531501, 2568001.17976565, 459);"Adda";"M2";"Low";2;4335677.76531501;2568001.17976565;459;"Upper_point"
"6";c(4334779.52525941, 2567380.33716897, 439);"Adda";"M2";"Up";2;4334779.52525941;2567380.33716897;439;"Upper_point"
"7";c(4294716.74287309, 2461152.72091069, 47);"Adda";"M2";"Est";2;4294716.74287309;2461152.72091069;47;"Lower_point"
"8";c(4293015.79196704, 2463535.51525658, 55);"Adda";"M2";"Low";2;4293015.79196704;2463535.51525658;55;"Lower_point"
"9";c(4299085.00903839, 2460469.8590613, 47);"Adda";"M2";"Up";2;4299085.00903839;2460469.8590613;47;"Lower_point"
"10";c(4412577.4874711, 2474264.57685116, 24);"Adige";"M1";"Est";1;4412577.4874711;2474264.57685116;24;"Only_point"
"11";c(4411269.54773191, 2474200.46039594, 25);"Adige";"M1";"Low";1;4411269.54773191;2474200.46039594;25;"Only_point"
"12";c(4413605.76191607, 2474047.38122215, 26);"Adige";"M1";"Up";1;4413605.76191607;2474047.38122215;26;"Only_point"
"13";c(4409042.27493052, 2474657.59546893, 26);"Adige";"M2";"Est";2;4409042.27493052;2474657.59546893;26;"Upper_point"
"14";c(4405509.805026, 2475685.02951506, 30);"Adige";"M2";"Low";2;4405509.805026;2475685.02951506;30;"Upper_point"
"15";c(4412413.98578141, 2474151.45551134, 24);"Adige";"M2";"Up";2;4412413.98578141;2474151.45551134;24;"Upper_point"
"16";c(4420650.28430947, 2468742.85084188, 19);"Adige";"M2";"Est";2;4420650.28430947;2468742.85084188;19;"Lower_point"
"17";c(4414136.04065264, 2473873.72549895, 20);"Adige";"M2";"Low";2;4414136.04065264;2473873.72549895;20;"Lower_point"
"18";c(4421185.44432557, 2462610.89857243, 19);"Adige";"M2";"Up";2;4421185.44432557;2462610.89857243;19;"Lower_point"
"19";c(3905826.29267835, 2950887.28424235, 66);"Aisne";"M1";"Est";1;3905826.29267835;2950887.28424235;66;"Only_point"
"20";c(3907482.35052061, 2950532.77746706, 71);"Aisne";"M1";"Low";1;3907482.35052061;2950532.77746706;71;"Only_point"
"21";c(3904953.61072513, 2951257.07318393, 66);"Aisne";"M1";"Up";1;3904953.61072513;2951257.07318393;66;"Only_point"
"22";c(3952989.84917158, 2888985.51927446, 146);"Aisne";"M2";"Est";2;3952989.84917158;2888985.51927446;146;"Upper_point"
"23";c(3953109.51568731, 2888515.66147061, 147);"Aisne";"M2";"Low";2;3953109.51568731;2888515.66147061;147;"Upper_point"
"24";c(3952667.20764155, 2889416.44866763, 146);"Aisne";"M2";"Up";2;3952667.20764155;2889416.44866763;146;"Upper_point"
"25";c(3872308.33511448, 2939789.1564775, 50);"Aisne";"M2";"Est";2;3872308.33511448;2939789.1564775;50;"Lower_point"
"26";c(3873485.92727235, 2939890.86203886, 46);"Aisne";"M2";"Low";2;3873485.92727235;2939890.86203886;46;"Lower_point"
"27";c(3871541.85106864, 2938779.09980307, 48);"Aisne";"M2";"Up";2;3871541.85106864;2938779.09980307;48;"Lower_point"
"28";c(3803211.43122223, 2490960.9519528, 418);"Allier";"M1";"Est";1;3803211.43122223;2490960.9519528;418;"Only_point"
"29";c(3803245.24677456, 2490255.34503558, 420);"Allier";"M1";"Low";1;3803245.24677456;2490255.34503558;420;"Only_point"
"30";c(3803079.74165679, 2491660.79299578, 415);"Allier";"M1";"Up";1;3803079.74165679;2491660.79299578;415;"Only_point"
"31";c(3812927.26099438, 2461321.30628647, 518);"Allier";"M2";"Est";2;3812927.26099438;2461321.30628647;518;"Upper_point"
"32";c(3813357.1764319, 2461112.92864124, 537);"Allier";"M2";"Low";2;3813357.1764319;2461112.92864124;537;"Upper_point"
"33";c(3812645.20230295, 2461728.6201625, 517);"Allier";"M2";"Up";2;3812645.20230295;2461728.6201625;517;"Upper_point"
"34";c(3809858.5525695, 2622081.95053591, 210);"Allier";"M2";"Est";2;3809858.5525695;2622081.95053591;210;"Lower_point"
"35";c(3808865.75688379, 2621334.04280159, 211);"Allier";"M2";"Low";2;3808865.75688379;2621334.04280159;211;"Lower_point"
"36";c(3809280.27207735, 2623424.49680369, 213);"Allier";"M2";"Up";2;3809280.27207735;2623424.49680369;213;"Lower_point"
"37";c(3853268.75613306, 2784106.8497694, 94);"Armançon";"M1";"Est";1;3853268.75613306;2784106.8497694;94;"Only_point"
"38";c(3853998.75573047, 2784116.36114078, 101);"Armançon";"M1";"Low";1;3853998.75573047;2784116.36114078;101;"Only_point"
"39";c(3852632.90113974, 2783713.15390075, 98);"Armançon";"M1";"Up";1;3852632.90113974;2783713.15390075;98;"Only_point"
"40";c(3889091.04763105, 2733092.1218388, 209);"Armançon";"M2";"Est";3;3889091.04763105;2733092.1218388;209;"Upper_point"
"41";c(3889227.52001627, 2732742.39699154, 211);"Armançon";"M2";"Low";3;3889227.52001627;2732742.39699154;211;"Upper_point"
"42";c(3889026.62433704, 2733560.98010592, 213);"Armançon";"M2";"Up";3;3889026.62433704;2733560.98010592;213;"Upper_point"
"43";c(3836693.19500674, 2780709.72624009, 82);"Armançon";"M2";"Est";3;3836693.19500674;2780709.72624009;82;"Lower_point"
"44";c(3836976.28336308, 2781318.33153545, 82);"Armançon";"M2";"Low";3;3836976.28336308;2781318.33153545;82;"Lower_point"
"45";c(3836599.42727957, 2781065.28964724, 78);"Armançon";"M2";"Up";3;3836599.42727957;2781065.28964724;78;"Lower_point"
"46";c(3904755.95552611, 2831725.89316136, 104);"Aube";"M1";"Est";1;3904755.95552611;2831725.89316136;104;"Only_point"
"47";c(3905051.16628637, 2831225.98992524, 103);"Aube";"M1";"Low";1;3905051.16628637;2831225.98992524;103;"Only_point"
"48";c(3904264.91911248, 2832216.6675236, 104);"Aube";"M1";"Up";1;3904264.91911248;2832216.6675236;104;"Only_point"
"49";c(3932383.30675938, 2781957.19720446, 209);"Aube";"M2";"Est";2;3932383.30675938;2781957.19720446;209;"Upper_point"
"50";c(3932259.99144366, 2781312.86664089, 213);"Aube";"M2";"Low";2;3932259.99144366;2781312.86664089;213;"Upper_point"
"51";c(3932280.57686809, 2782549.00155994, 212);"Aube";"M2";"Up";2;3932280.57686809;2782549.00155994;212;"Upper_point"
"52";c(3884999.65219529, 2843611.47880352, 81);"Aube";"M2";"Est";2;3884999.65219529;2843611.47880352;81;"Lower_point"
"53";c(3885490.65660219, 2843160.59799622, 83);"Aube";"M2";"Low";2;3885490.65660219;2843160.59799622;83;"Lower_point"
"54";c(3884818.52199276, 2844003.17070316, 86);"Aube";"M2";"Up";2;3884818.52199276;2844003.17070316;86;"Lower_point"
"55";c(3684514.52338469, 2221100.27392187, 405);"Aude";"M1";"Est";1;3684514.52338469;2221100.27392187;405;"Only_point"
"56";c(3684547.77189193, 2221006.69571122, 407);"Aude";"M1";"Low";1;3684547.77189193;2221006.69571122;407;"Only_point"
"57";c(3684658.61715709, 2221302.78424899, 404);"Aude";"M1";"Up";1;3684658.61715709;2221302.78424899;404;"Only_point"
"58";c(3678520.6702056, 2219059.55439713, 554);"Aude";"M2";"Est";2;3678520.6702056;2219059.55439713;554;"Upper_point"
"59";c(3677985.63586637, 2219067.9072016, 560);"Aude";"M2";"Low";2;3677985.63586637;2219067.9072016;560;"Upper_point"
"60";c(3678259.77717091, 2218997.80811102, 549);"Aude";"M2";"Up";2;3678259.77717091;2218997.80811102;549;"Upper_point"
"61";c(3687989.25534066, 2236614.84341477, 226);"Aude";"M2";"Est";2;3687989.25534066;2236614.84341477;226;"Lower_point"
"62";c(3687168.93849423, 2236383.76165136, 230);"Aude";"M2";"Low";2;3687168.93849423;2236383.76165136;230;"Lower_point"
"63";c(3688201.2722137, 2237032.04203925, 223);"Aude";"M2";"Up";2;3688201.2722137;2237032.04203925;223;"Lower_point"
"64";c(6619250.20942729, 1973075.07760037, 78);"Ceyhan";"M1";"Est";1;6619250.20942729;1973075.07760037;78;"Only_point"
"65";c(6619634.12004293, 1973560.76444041, 77);"Ceyhan";"M1";"Low";1;6619634.12004293;1973560.76444041;77;"Only_point"
"66";c(6618944.06731431, 1972488.93855092, 79);"Ceyhan";"M1";"Up";1;6618944.06731431;1972488.93855092;79;"Only_point"
"67";c(6623206.9267102, 1989039.82081653, 135);"Ceyhan";"M2";"Est";2;6623206.9267102;1989039.82081653;135;"Upper_point"
"68";c(6624183.92720431, 1988528.73712779, 139);"Ceyhan";"M2";"Low";2;6624183.92720431;1988528.73712779;139;"Upper_point"
"69";c(6622184.60063627, 1989783.72008971, 135);"Ceyhan";"M2";"Up";2;6622184.60063627;1989783.72008971;135;"Upper_point"
"70";c(6608546.4034418, 1963440.03392889, 39);"Ceyhan";"M2";"Est";2;6608546.4034418;1963440.03392889;39;"Lower_point"
"71";c(6609598.1104951, 1962551.35584926, 45);"Ceyhan";"M2";"Low";2;6609598.1104951;1962551.35584926;45;"Lower_point"
"72";c(6607331.59585418, 1962990.35100984, 43);"Ceyhan";"M2";"Up";2;6607331.59585418;1962990.35100984;43;"Lower_point"
"73";c(3751053.40902712, 2608903.54198069, 203);"Cher";"M1";"Est";1;3751053.40902712;2608903.54198069;203;"Only_point"
"74";c(3751146.00809752, 2608515.82977108, 203);"Cher";"M1";"Low";1;3751146.00809752;2608515.82977108;203;"Only_point"
"75";c(3751196.75940994, 2609265.39842719, 202);"Cher";"M1";"Up";1;3751196.75940994;2609265.39842719;202;"Only_point"
"76";c(3751141.39358624, 2604130.1307387, 225);"Cher";"M2";"Est";2;3751141.39358624;2604130.1307387;225;"Upper_point"
"77";c(3751010.38235404, 2603979.02066871, 239);"Cher";"M2";"Low";2;3751010.38235404;2603979.02066871;239;"Upper_point"
"78";c(3751297.34783663, 2604374.08426804, 219);"Cher";"M2";"Up";2;3751297.34783663;2604374.08426804;219;"Upper_point"
"79";c(3644478.12574437, 2731478.86426689, 54);"Cher";"M2";"Est";2;3644478.12574437;2731478.86426689;54;"Lower_point"
"80";c(3647194.2836054, 2730723.00060598, 64);"Cher";"M2";"Low";2;3647194.2836054;2730723.00060598;64;"Lower_point"
"81";c(3641683.46107195, 2732143.14301249, 56);"Cher";"M2";"Up";2;3641683.46107195;2732143.14301249;56;"Lower_point"
"82";c(3671723.4045987, 2645921.5376191, 105);"Creuse";"M1";"Est";1;3671723.4045987;2645921.5376191;105;"Only_point"
"83";c(3671818.28808484, 2645113.73191069, 102);"Creuse";"M1";"Low";1;3671818.28808484;2645113.73191069;102;"Only_point"
"84";c(3670958.28623014, 2646353.7841599, 124);"Creuse";"M1";"Up";1;3670958.28623014;2646353.7841599;124;"Only_point"
"85";c(3714415.78087038, 2568606.59213868, 447);"Creuse";"M2";"Est";2;3714415.78087038;2568606.59213868;447;"Upper_point"
"86";c(3714390.86855628, 2568211.82942987, 444);"Creuse";"M2";"Low";2;3714390.86855628;2568211.82942987;444;"Upper_point"
"87";c(3714658.95666157, 2568921.99923813, 440);"Creuse";"M2";"Up";2;3714658.95666157;2568921.99923813;440;"Upper_point"
"88";c(3659903.46829588, 2651739.27034637, 106);"Creuse";"M2";"Est";2;3659903.46829588;2651739.27034637;106;"Lower_point"
"89";c(3660475.42951762, 2651757.73664684, 88);"Creuse";"M2";"Low";2;3660475.42951762;2651757.73664684;88;"Lower_point"
"90";c(3659700.73425303, 2652176.10316912, 91);"Creuse";"M2";"Up";2;3659700.73425303;2652176.10316912;91;"Lower_point"
"91";c(4369846.94008327, 2836485.91886617, 407);"Danube";"M1";"Est";2;4369846.94008327;2836485.91886617;407;"Only_point"
"92";c(4369239.1766255, 2835825.54432681, 407);"Danube";"M1";"Low";2;4369239.1766255;2835825.54432681;407;"Only_point"
"93";c(4370598.39670404, 2836978.13416195, 407);"Danube";"M1";"Up";2;4370598.39670404;2836978.13416195;407;"Only_point"
"94";c(4294155.52936539, 2790547.86052906, 507);"Danube";"M2";"Est";5;4294155.52936539;2790547.86052906;507;"Upper_point"
"95";c(4292493.30805979, 2791684.92502678, 508);"Danube";"M2";"Low";5;4292493.30805979;2791684.92502678;508;"Upper_point"
"96";c(4295424.37260085, 2791254.8648973, 503);"Danube";"M2";"Up";5;4295424.37260085;2791254.8648973;503;"Upper_point"
"97";c(4384524.56412757, 2846457.69362107, 399);"Danube";"M2";"Est";5;4384524.56412757;2846457.69362107;399;"Lower_point"
"98";c(4383678.77405775, 2845714.24765452, 401);"Danube";"M2";"Low";5;4383678.77405775;2845714.24765452;401;"Lower_point"
"99";c(4385706.59199864, 2846295.29331035, 401);"Danube";"M2";"Up";5;4385706.59199864;2846295.29331035;401;"Lower_point"
"100";c(3704430.97563682, 2489374.61090063, 265);"Dordogne";"M1";"Est";1;3704430.97563682;2489374.61090063;265;"Only_point"
"101";c(3705241.25440729, 2489683.90165136, 265);"Dordogne";"M1";"Low";1;3705241.25440729;2489683.90165136;265;"Only_point"
"102";c(3703694.72462419, 2490135.2874722, 265);"Dordogne";"M1";"Up";1;3703694.72462419;2490135.2874722;265;"Only_point"
"103";c(3739939.33790638, 2526239.22863801, 585);"Dordogne";"M2";"Est";2;3739939.33790638;2526239.22863801;585;"Upper_point"
"104";c(3740173.57491406, 2526403.88002109, 590);"Dordogne";"M2";"Low";2;3740173.57491406;2526403.88002109;590;"Upper_point"
"105";c(3739620.93630919, 2526065.63296949, 584);"Dordogne";"M2";"Up";2;3739620.93630919;2526065.63296949;584;"Upper_point"
"106";c(3676951.04907941, 2465977.31267439, 143);"Dordogne";"M2";"Est";2;3676951.04907941;2465977.31267439;143;"Lower_point"
"107";c(3677209.22098192, 2466913.64244341, 149);"Dordogne";"M2";"Low";2;3677209.22098192;2466913.64244341;149;"Lower_point"
"108";c(3677440.79996048, 2465334.91114934, 147);"Dordogne";"M2";"Up";2;3677440.79996048;2465334.91114934;147;"Lower_point"
"109";c(4078848.6334484, 2708720.58207299, 333);"Doubs";"M1";"Est";1;4078848.6334484;2708720.58207299;333;"Only_point"
"110";c(4078483.14823018, 2708158.10785753, 335);"Doubs";"M1";"Low";1;4078483.14823018;2708158.10785753;335;"Only_point"
"111";c(4078961.16486755, 2709497.99688446, 335);"Doubs";"M1";"Up";1;4078961.16486755;2709497.99688446;335;"Only_point"
"112";c(4077555.92412788, 2695673.86044689, 368);"Doubs";"M2";"Est";3;4077555.92412788;2695673.86044689;368;"Upper_point"
"113";c(4078191.38067756, 2695198.5674589, 367);"Doubs";"M2";"Low";3;4078191.38067756;2695198.5674589;367;"Upper_point"
"114";c(4076869.36522772, 2695712.26636226, 361);"Doubs";"M2";"Up";3;4076869.36522772;2695712.26636226;361;"Upper_point"
"115";c(3971946.32960532, 2666277.06943216, 183);"Doubs";"M2";"Est";3;3971946.32960532;2666277.06943216;183;"Lower_point"
"116";c(3974033.12598893, 2665049.00911842, 190);"Doubs";"M2";"Low";3;3974033.12598893;2665049.00911842;190;"Lower_point"
"117";c(3970149.26458694, 2665247.87606791, 187);"Doubs";"M2";"Up";3;3970149.26458694;2665247.87606791;187;"Lower_point"
"118";c(3000134.70689139, 2182550.06735968, 607);"Duero";"M1";"Est";1;3000134.70689139;2182550.06735968;607;"Only_point"
"119";c(3002505.30693217, 2183451.02568748, 611);"Duero";"M1";"Low";1;3002505.30693217;2183451.02568748;611;"Only_point"
"120";c(2997999.43802435, 2177625.49732741, 612);"Duero";"M1";"Up";1;2997999.43802435;2177625.49732741;612;"Only_point"
"121";c(2968539.87188211, 2189128.81199318, 477);"Duero";"M2";"Est";2;2968539.87188211;2189128.81199318;477;"Upper_point"
"122";c(2969468.14616705, 2190422.10712317, 512);"Duero";"M2";"Low";2;2969468.14616705;2190422.10712317;512;"Upper_point"
"123";c(2967048.77954431, 2187500.77741616, 477);"Duero";"M2";"Up";2;2967048.77954431;2187500.77741616;477;"Upper_point"
"124";c(2908589.0064188, 2150561.05116545, 129);"Duero";"M2";"Est";2;2908589.0064188;2150561.05116545;129;"Lower_point"
"125";c(2911082.37714953, 2149913.7598913, 127);"Duero";"M2";"Low";2;2911082.37714953;2149913.7598913;127;"Lower_point"
"126";c(2906446.03333908, 2151997.96832943, 125);"Duero";"M2";"Up";2;2906446.03333908;2151997.96832943;125;"Lower_point"
"127";c(3303908.80673556, 2235619.9629385, 361);"Ebro";"M1";"Est";1;3303908.80673556;2235619.9629385;361;"Only_point"
"128";c(3302763.96719184, 2235444.95473162, 365);"Ebro";"M1";"Low";1;3302763.96719184;2235444.95473162;365;"Only_point"
"129";c(3305400.22755387, 2235117.10535355, 359);"Ebro";"M1";"Up";1;3305400.22755387;2235117.10535355;359;"Only_point"
"130";c(3206373.2713446, 2300292.23405105, 604);"Ebro";"M2";"Est";2;3206373.2713446;2300292.23405105;604;"Upper_point"
"131";c(3205381.57024183, 2300668.76806908, 602);"Ebro";"M2";"Low";2;3205381.57024183;2300668.76806908;602;"Upper_point"
"132";c(3207393.81919393, 2299668.58237462, 611);"Ebro";"M2";"Up";2;3207393.81919393;2299668.58237462;611;"Upper_point"
"133";c(3341403.48422168, 2209316.04448895, 287);"Ebro";"M2";"Est";2;3341403.48422168;2209316.04448895;287;"Lower_point"
"134";c(3340102.15797315, 2210385.93521935, 287);"Ebro";"M2";"Low";2;3340102.15797315;2210385.93521935;287;"Lower_point"
"135";c(3342756.50441466, 2208544.59406169, 288);"Ebro";"M2";"Up";2;3342756.50441466;2208544.59406169;288;"Lower_point"
"136";c(3678841.27977148, 2936145.4749588, 18);"Eure";"M1";"Est";1;3678841.27977148;2936145.4749588;18;"Only_point"
"137";c(3679256.27654029, 2935544.24488091, 19);"Eure";"M1";"Low";1;3679256.27654029;2935544.24488091;19;"Only_point"
"138";c(3679145.49531372, 2936873.23881003, 20);"Eure";"M1";"Up";1;3679145.49531372;2936873.23881003;20;"Only_point"
"139";c(3693797.26826892, 2854333.67002049, 120);"Eure";"M2";"Est";2;3693797.26826892;2854333.67002049;120;"Upper_point"
"140";c(3693043.95201979, 2853765.45699525, 120);"Eure";"M2";"Low";2;3693043.95201979;2853765.45699525;120;"Upper_point"
"141";c(3694423.67864302, 2855085.50666763, 119);"Eure";"M2";"Up";2;3694423.67864302;2855085.50666763;119;"Upper_point"
"142";c(3681674.39731557, 2948338.84703313, 6);"Eure";"M2";"Est";2;3681674.39731557;2948338.84703313;6;"Lower_point"
"143";c(3682108.95481388, 2948149.5630439, 6);"Eure";"M2";"Low";2;3682108.95481388;2948149.5630439;6;"Lower_point"
"144";c(3681239.44728643, 2948451.4742368, 7);"Eure";"M2";"Up";2;3681239.44728643;2948451.4742368;7;"Lower_point"
"145";c(3555642.93615015, 2261599.55655285, 443);"Garonne";"M1";"Est";1;3555642.93615015;2261599.55655285;443;"Only_point"
"146";c(3555939.83176991, 2260901.99948538, 444);"Garonne";"M1";"Low";1;3555939.83176991;2260901.99948538;444;"Only_point"
"147";c(3555305.11248251, 2262113.0098955, 441);"Garonne";"M1";"Up";1;3555305.11248251;2262113.0098955;441;"Only_point"
"148";c(3562256.85532401, 2237741.31076287, 620);"Garonne";"M2";"Est";2;3562256.85532401;2237741.31076287;620;"Upper_point"
"149";c(3562024.67262046, 2237585.74205553, 622);"Garonne";"M2";"Low";2;3562024.67262046;2237585.74205553;622;"Upper_point"
"150";c(3562497.16087781, 2237743.00672131, 633);"Garonne";"M2";"Up";2;3562497.16087781;2237743.00672131;633;"Upper_point"
"151";c(3629203.88683885, 2312240.66118597, 134);"Garonne";"M2";"Est";2;3629203.88683885;2312240.66118597;134;"Lower_point"
"152";c(3629079.17896701, 2310852.11262179, 136);"Garonne";"M2";"Low";2;3629079.17896701;2310852.11262179;136;"Lower_point"
"153";c(3629114.60830448, 2313561.31521543, 134);"Garonne";"M2";"Up";2;3629114.60830448;2313561.31521543;134;"Lower_point"
"154";c(3039315.57665771, 1698904.57944708, 316);"Genil";"M1";"Est";1;3039315.57665771;1698904.57944708;316;"Only_point"
"155";c(3040728.3908369, 1699676.3912905, 329);"Genil";"M1";"Low";1;3040728.3908369;1699676.3912905;329;"Only_point"
"156";c(3037724.86110697, 1698892.94957402, 317);"Genil";"M1";"Up";1;3037724.86110697;1698892.94957402;317;"Only_point"
"157";c(3111563.49375107, 1673378.23443108, 681);"Genil";"M2";"Est";2;3111563.49375107;1673378.23443108;681;"Upper_point"
"158";c(3111736.1396637, 1673277.27798862, 676);"Genil";"M2";"Low";2;3111736.1396637;1673277.27798862;676;"Upper_point"
"159";c(3111481.61006789, 1673434.86491434, 677);"Genil";"M2";"Up";2;3111481.61006789;1673434.86491434;677;"Upper_point"
"160";c(3001728.67751156, 1727750.52294599, 127);"Genil";"M2";"Est";2;3001728.67751156;1727750.52294599;127;"Lower_point"
"161";c(3002408.85989891, 1726948.746221, 131);"Genil";"M2";"Low";2;3002408.85989891;1726948.746221;131;"Lower_point"
"162";c(3001356.59963325, 1728728.91116716, 123);"Genil";"M2";"Up";2;3001356.59963325;1728728.91116716;123;"Lower_point"
"163";c(3171640.16614159, 1761067.46754788, 412);"Guadalquivir";"M1";"Est";1;3171640.16614159;1761067.46754788;412;"Only_point"
"164";c(3172141.47544471, 1761627.24718739, 416);"Guadalquivir";"M1";"Low";1;3172141.47544471;1761627.24718739;416;"Only_point"
"165";c(3170855.20446228, 1761582.51853212, 413);"Guadalquivir";"M1";"Up";1;3170855.20446228;1761582.51853212;413;"Only_point"
"166";c(3190833.0781916, 1758229.1380063, 651);"Guadalquivir";"M2";"Est";2;3190833.0781916;1758229.1380063;651;"Upper_point"
"167";c(3190441.5457143, 1757938.61957359, 655);"Guadalquivir";"M2";"Low";2;3190441.5457143;1757938.61957359;655;"Upper_point"
"168";c(3191158.77949135, 1758381.09116005, 643);"Guadalquivir";"M2";"Up";2;3191158.77949135;1758381.09116005;643;"Upper_point"
"169";c(3121198.89984463, 1760823.41250913, 258);"Guadalquivir";"M2";"Est";2;3121198.89984463;1760823.41250913;258;"Lower_point"
"170";c(3121832.97180932, 1759590.97565039, 262);"Guadalquivir";"M2";"Low";2;3121832.97180932;1759590.97565039;262;"Lower_point"
"171";c(3120309.99273382, 1759441.24913356, 253);"Guadalquivir";"M2";"Up";2;3120309.99273382;1759441.24913356;253;"Lower_point"
"172";c(4127159.7275804, 2766663.01361068, 196);"Ill";"M1";"Est";1;4127159.7275804;2766663.01361068;196;"Only_point"
"173";c(4126895.05914734, 2766032.74122623, 199);"Ill";"M1";"Low";1;4126895.05914734;2766032.74122623;199;"Only_point"
"174";c(4127273.47923711, 2767351.87334684, 195);"Ill";"M1";"Up";1;4127273.47923711;2767351.87334684;195;"Only_point"
"175";c(4115455.28936004, 2731453.00606163, 261);"Ill";"M2";"Est";3;4115455.28936004;2731453.00606163;261;"Upper_point"
"176";c(4115600.84497491, 2731211.73982371, 264);"Ill";"M2";"Low";3;4115600.84497491;2731211.73982371;264;"Upper_point"
"177";c(4115376.09346663, 2731654.80292153, 263);"Ill";"M2";"Up";3;4115376.09346663;2731654.80292153;263;"Upper_point"
"178";c(4156422.71651132, 2836068.23425575, 136);"Ill";"M2";"Est";3;4156422.71651132;2836068.23425575;136;"Lower_point"
"179";c(4156219.59147165, 2834995.63975676, 137);"Ill";"M2";"Low";3;4156219.59147165;2834995.63975676;137;"Lower_point"
"180";c(4157469.02682998, 2836274.56454324, 138);"Ill";"M2";"Up";3;4157469.02682998;2836274.56454324;138;"Lower_point"
"181";c(4447186.6130281, 2802459.77342077, 461);"Isar";"M1";"Est";2;4447186.6130281;2802459.77342077;461;"Only_point"
"182";c(4447056.51061132, 2801995.08732704, 464);"Isar";"M1";"Low";2;4447056.51061132;2801995.08732704;464;"Only_point"
"183";c(4447553.39498241, 2802794.21753592, 462);"Isar";"M1";"Up";2;4447553.39498241;2802794.21753592;462;"Only_point"
"184";c(4437249.59779528, 2778617.39741159, 522);"Isar";"M2";"Est";4;4437249.59779528;2778617.39741159;522;"Upper_point"
"185";c(4436776.54799186, 2778195.18598749, 521);"Isar";"M2";"Low";4;4436776.54799186;2778195.18598749;521;"Upper_point"
"186";c(4437160.25016596, 2779298.30552684, 526);"Isar";"M2";"Up";4;4437160.25016596;2779298.30552684;526;"Upper_point"
"187";c(4514246.88289779, 2842148.64893877, 342);"Isar";"M2";"Est";4;4514246.88289779;2842148.64893877;342;"Lower_point"
"188";c(4512576.62788352, 2841469.68939557, 346);"Isar";"M2";"Low";4;4512576.62788352;2841469.68939557;346;"Lower_point"
"189";c(4515975.3429062, 2842572.11365303, 342);"Isar";"M2";"Up";4;4515975.3429062;2842572.11365303;342;"Lower_point"
"190";c(3865382.53908941, 2487486.17733738, 432);"Loire";"M1";"Est";1;3865382.53908941;2487486.17733738;432;"Only_point"
"191";c(3864665.24395104, 2486816.716057, 439);"Loire";"M1";"Low";1;3864665.24395104;2486816.716057;439;"Only_point"
"192";c(3865712.32151217, 2488282.87106603, 447);"Loire";"M1";"Up";1;3865712.32151217;2488282.87106603;447;"Only_point"
"193";c(3838988.7573997, 2451304.81061876, 666);"Loire";"M2";"Est";2;3838988.7573997;2451304.81061876;666;"Upper_point"
"194";c(3839019.49431049, 2450811.84505559, 649);"Loire";"M2";"Low";2;3839019.49431049;2450811.84505559;649;"Upper_point"
"195";c(3838831.37084992, 2451670.53019695, 666);"Loire";"M2";"Up";2;3838831.37084992;2451670.53019695;666;"Upper_point"
"196";c(3864674.83717125, 2571789.55382895, 252);"Loire";"M2";"Est";2;3864674.83717125;2571789.55382895;252;"Lower_point"
"197";c(3864943.01084814, 2570588.49160464, 258);"Loire";"M2";"Low";2;3864943.01084814;2570588.49160464;258;"Lower_point"
"198";c(3864405.63702474, 2573057.37668057, 257);"Loire";"M2";"Up";2;3864405.63702474;2573057.37668057;257;"Lower_point"
"199";c(3726687.73362097, 2422527.06660921, 230);"Lot";"M1";"Est";1;3726687.73362097;2422527.06660921;230;"Only_point"
"200";c(3727483.62030454, 2422718.04559667, 224);"Lot";"M1";"Low";1;3727483.62030454;2422718.04559667;224;"Only_point"
"201";c(3726060.20683639, 2422312.21623322, 217);"Lot";"M1";"Up";1;3726060.20683639;2422312.21623322;217;"Only_point"
"202";c(3806440.11102482, 2402813.1820637, 744);"Lot";"M2";"Est";3;3806440.11102482;2402813.1820637;744;"Upper_point"
"203";c(3806732.0310293, 2402814.98943465, 748);"Lot";"M2";"Low";3;3806732.0310293;2402814.98943465;748;"Upper_point"
"204";c(3806275.32968929, 2402574.3478673, 733);"Lot";"M2";"Up";3;3806275.32968929;2402574.3478673;733;"Upper_point"
"205";c(3721455.21227432, 2422759.94311457, 219);"Lot";"M2";"Est";3;3721455.21227432;2422759.94311457;219;"Lower_point"
"206";c(3721641.20868986, 2423062.69621429, 210);"Lot";"M2";"Low";3;3721641.20868986;2423062.69621429;210;"Lower_point"
"207";c(3721032.70481619, 2422496.5389174, 211);"Lot";"M2";"Up";3;3721032.70481619;2422496.5389174;211;"Lower_point"
"208";c(4040497.61063842, 3129653.91341811, 13);"Maas";"M1";"Est";1;4040497.61063842;3129653.91341811;13;"Only_point"
"209";c(4039121.64500022, 3127248.01909756, 23);"Maas";"M1";"Low";1;4039121.64500022;3127248.01909756;23;"Only_point"
"210";c(4041544.56272824, 3132072.52461414, 20);"Maas";"M1";"Up";1;4041544.56272824;3132072.52461414;20;"Only_point"
"211";c(4005615.07936958, 2832404.02102314, 257);"Maas";"M2";"Est";2;4005615.07936958;2832404.02102314;257;"Upper_point"
"212";c(4004870.75517939, 2831643.85057226, 257);"Maas";"M2";"Low";2;4004870.75517939;2831643.85057226;257;"Upper_point"
"213";c(4006125.91067801, 2833041.4122372, 256);"Maas";"M2";"Up";2;4006125.91067801;2833041.4122372;256;"Upper_point"
"214";c(4054085.29664222, 3147092.13092761, 9);"Maas";"M2";"Est";2;4054085.29664222;3147092.13092761;9;"Lower_point"
"215";c(4052996.6347102, 3145672.81713025, 9);"Maas";"M2";"Low";2;4052996.6347102;3145672.81713025;9;"Lower_point"
"216";c(4053847.12987533, 3148666.43304769, 9);"Maas";"M2";"Up";2;4053847.12987533;3148666.43304769;9;"Lower_point"
"217";c(5456349.72061229, 2238558.14840454, 550);"Maritsa-Evros";"M1";"Est";1;5456349.72061229;2238558.14840454;550;"Only_point"
"218";c(5456176.51886637, 2238469.09706342, 552);"Maritsa-Evros";"M1";"Low";1;5456176.51886637;2238469.09706342;552;"Only_point"
"219";c(5456638.2246238, 2238639.11493363, 544);"Maritsa-Evros";"M1";"Up";1;5456638.2246238;2238639.11493363;544;"Only_point"
"220";c(5451869.20533408, 2238402.64349707, 637);"Maritsa-Evros";"M2";"Est";2;5451869.20533408;2238402.64349707;637;"Upper_point"
"221";c(5451678.53482653, 2238437.59104677, 643);"Maritsa-Evros";"M2";"Low";2;5451678.53482653;2238437.59104677;643;"Upper_point"
"222";c(5452060.79877484, 2238449.72676858, 633);"Maritsa-Evros";"M2";"Up";2;5452060.79877484;2238449.72676858;633;"Upper_point"
"223";c(5490729.13451424, 2233952.62335433, 219);"Maritsa-Evros";"M2";"Est";2;5490729.13451424;2233952.62335433;219;"Lower_point"
"224";c(5489942.11329249, 2234340.2457133, 219);"Maritsa-Evros";"M2";"Low";2;5489942.11329249;2234340.2457133;219;"Lower_point"
"225";c(5491590.0780472, 2234194.50082586, 217);"Maritsa-Evros";"M2";"Up";2;5491590.0780472;2234194.50082586;217;"Lower_point"
"226";c(3923262.5066573, 2856538.82896899, 99);"Marne";"M1";"Est";1;3923262.5066573;2856538.82896899;99;"Only_point"
"227";c(3923727.37888941, 2856365.49146589, 99);"Marne";"M1";"Low";1;3923727.37888941;2856365.49146589;99;"Only_point"
"228";c(3922899.30329005, 2856488.52042149, 99);"Marne";"M1";"Up";1;3922899.30329005;2856488.52042149;99;"Only_point"
"229";c(3946636.65502317, 2848124.55619982, 131);"Marne";"M2";"Est";3;3946636.65502317;2848124.55619982;131;"Upper_point"
"230";c(3947335.07410212, 2848264.27370495, 131);"Marne";"M2";"Low";3;3947335.07410212;2848264.27370495;131;"Upper_point"
"231";c(3946625.77768927, 2847582.07021456, 132);"Marne";"M2";"Up";3;3946625.77768927;2847582.07021456;132;"Upper_point"
"232";c(3912328.2849098, 2878602.50425537, 84);"Marne";"M2";"Est";3;3912328.2849098;2878602.50425537;84;"Lower_point"
"233";c(3912611.90228378, 2877394.06124395, 83);"Marne";"M2";"Low";3;3912611.90228378;2877394.06124395;83;"Lower_point"
"234";c(3911778.00391865, 2879842.82986315, 86);"Marne";"M2";"Up";3;3911778.00391865;2879842.82986315;86;"Lower_point"
"235";c(5246908.76508307, 2349186.40667692, 140);"Morava main";"M1";"Est";1;5246908.76508307;2349186.40667692;140;"Only_point"
"236";c(5247643.91607416, 2348677.89288061, 148);"Morava main";"M1";"Low";1;5247643.91607416;2348677.89288061;148;"Only_point"
"237";c(5246529.02687847, 2349772.60230193, 150);"Morava main";"M1";"Up";1;5246529.02687847;2349772.60230193;150;"Only_point"
"238";c(5294455.38483387, 2295251.63664976, 214);"Morava main";"M2";"Est";7;5294455.38483387;2295251.63664976;214;"Upper_point"
"239";c(5296383.84704933, 2293248.66522255, 217);"Morava main";"M2";"Low";7;5296383.84704933;2293248.66522255;217;"Upper_point"
"240";c(5293360.5157185, 2297419.6202923, 213);"Morava main";"M2";"Up";7;5293360.5157185;2297419.6202923;213;"Upper_point"
"241";c(5279273.99088419, 2315648.40197773, 183);"Morava main";"M2";"Est";7;5279273.99088419;2315648.40197773;183;"Lower_point"
"242";c(5280258.11290954, 2311675.1768023, 185);"Morava main";"M2";"Low";7;5280258.11290954;2311675.1768023;185;"Lower_point"
"243";c(5276266.86566897, 2318599.59338262, 181);"Morava main";"M2";"Up";7;5276266.86566897;2318599.59338262;181;"Lower_point"
"244";c(5143176.38640659, 2367030.27406455, 252);"Morava west";"M1";"Est";1;5143176.38640659;2367030.27406455;252;"Only_point"
"245";c(5142277.70819858, 2367040.24433518, 256);"Morava west";"M1";"Low";1;5142277.70819858;2367040.24433518;256;"Only_point"
"246";c(5143971.5878336, 2366954.57113777, 249);"Morava west";"M1";"Up";1;5143971.5878336;2366954.57113777;249;"Only_point"
"247";c(5132366.95976075, 2355224.11371622, 309);"Morava west";"M2";"Est";4;5132366.95976075;2355224.11371622;309;"Upper_point"
"248";c(5132519.3272785, 2354803.59005359, 309);"Morava west";"M2";"Low";4;5132519.3272785;2354803.59005359;309;"Upper_point"
"249";c(5132288.24340941, 2355800.49269829, 309);"Morava west";"M2";"Up";4;5132288.24340941;2355800.49269829;309;"Upper_point"
"250";c(5237413.17370077, 2356196.5540688, 134);"Morava west";"M2";"Est";4;5237413.17370077;2356196.5540688;134;"Lower_point"
"251";c(5237331.48053307, 2352578.14239101, 134);"Morava west";"M2";"Low";4;5237331.48053307;2352578.14239101;134;"Lower_point"
"252";c(5236227.45912941, 2359640.55609624, 124);"Morava west";"M2";"Up";4;5236227.45912941;2359640.55609624;124;"Lower_point"
"253";c(4042670.6440686, 2834430.79125289, 233);"Mosel";"M1";"Est";1;4042670.6440686;2834430.79125289;233;"Only_point"
"254";c(4042946.9778114, 2833866.73961276, 229);"Mosel";"M1";"Low";1;4042946.9778114;2833866.73961276;229;"Only_point"
"255";c(4041960.67224925, 2835013.23333487, 226);"Mosel";"M1";"Up";1;4041960.67224925;2835013.23333487;226;"Only_point"
"256";c(4068088.3900381, 2780041.57352305, 373);"Mosel";"M2";"Est";3;4068088.3900381;2780041.57352305;373;"Upper_point"
"257";c(4068532.7210823, 2779660.50413121, 375);"Mosel";"M2";"Low";3;4068532.7210823;2779660.50413121;375;"Upper_point"
"258";c(4067843.8177662, 2780550.27348689, 366);"Mosel";"M2";"Up";3;4067843.8177662;2780550.27348689;366;"Upper_point"
"259";c(4027291.82908294, 2846696.17684439, 230);"Mosel";"M2";"Est";3;4027291.82908294;2846696.17684439;230;"Lower_point"
"260";c(4028166.5430857, 2846304.88527142, 219);"Mosel";"M2";"Low";3;4028166.5430857;2846304.88527142;219;"Lower_point"
"261";c(4026436.40986343, 2846073.53631026, 213);"Mosel";"M2";"Up";3;4026436.40986343;2846073.53631026;213;"Lower_point"
"262";c(4344911.98522037, 2539233.80484457, 292);"Oglio";"M1";"Est";1;4344911.98522037;2539233.80484457;292;"Only_point"
"263";c(4345308.47362707, 2539275.14808982, 290);"Oglio";"M1";"Low";1;4345308.47362707;2539275.14808982;290;"Only_point"
"264";c(4344733.80289792, 2538925.91780918, 287);"Oglio";"M1";"Up";1;4344733.80289792;2538925.91780918;287;"Only_point"
"265";c(4348174.60211215, 2549837.65905714, 396);"Oglio";"M2";"Est";2;4348174.60211215;2549837.65905714;396;"Upper_point"
"266";c(4348162.03921268, 2549936.39487928, 398);"Oglio";"M2";"Low";2;4348162.03921268;2549936.39487928;398;"Upper_point"
"267";c(4348228.66316936, 2549645.28437976, 393);"Oglio";"M2";"Up";2;4348228.66316936;2549645.28437976;393;"Upper_point"
"268";c(4317457.25317199, 2467244.63619372, 43);"Oglio";"M2";"Est";2;4317457.25317199;2467244.63619372;43;"Lower_point"
"269";c(4316447.59001657, 2467676.59217561, 50);"Oglio";"M2";"Low";2;4316447.59001657;2467676.59217561;50;"Lower_point"
"270";c(4318286.77436414, 2466694.88176925, 42);"Oglio";"M2";"Up";2;4318286.77436414;2466694.88176925;42;"Lower_point"
"271";c(3857363.90678257, 2994287.24588301, 79);"Oise";"M1";"Est";1;3857363.90678257;2994287.24588301;79;"Only_point"
"272";c(3857517.86972896, 2995055.85116317, 82);"Oise";"M1";"Low";1;3857517.86972896;2995055.85116317;82;"Only_point"
"273";c(3856644.37925793, 2993815.5028646, 81);"Oise";"M1";"Up";1;3856644.37925793;2993815.5028646;81;"Only_point"
"274";c(3893033.95623232, 2997291.08454299, 150);"Oise";"M2";"Est";2;3893033.95623232;2997291.08454299;150;"Upper_point"
"275";c(3893271.54670909, 2997110.1074363, 153);"Oise";"M2";"Low";2;3893271.54670909;2997110.1074363;153;"Upper_point"
"276";c(3892853.837153, 2997361.69046194, 150);"Oise";"M2";"Up";2;3892853.837153;2997361.69046194;150;"Upper_point"
"277";c(3839946.30879228, 2969047.65204939, 46);"Oise";"M2";"Est";2;3839946.30879228;2969047.65204939;46;"Lower_point"
"278";c(3839992.50627153, 2969243.09872646, 45);"Oise";"M2";"Low";2;3839992.50627153;2969243.09872646;45;"Lower_point"
"279";c(3839661.54735605, 2968802.49721314, 45);"Oise";"M2";"Up";2;3839661.54735605;2968802.49721314;45;"Lower_point"
"280";c(6644319.97102502, 1860872.56425974, 84);"Oronte";"M1";"Est";1;6644319.97102502;1860872.56425974;84;"Only_point"
"281";c(6644185.41893899, 1861849.44082546, 83);"Oronte";"M1";"Low";1;6644185.41893899;1861849.44082546;83;"Only_point"
"282";c(6643989.87355526, 1859906.00388986, 85);"Oronte";"M1";"Up";1;6643989.87355526;1859906.00388986;85;"Only_point"
"283";c(6669942.33039963, 1845829.16883096, 102);"Oronte";"M2";"Est";2;6669942.33039963;1845829.16883096;102;"Upper_point"
"284";c(6670227.7527097, 1845107.87283492, 107);"Oronte";"M2";"Low";2;6670227.7527097;1845107.87283492;107;"Upper_point"
"285";c(6669354.45142026, 1846428.60313682, 99);"Oronte";"M2";"Up";2;6669354.45142026;1846428.60313682;99;"Upper_point"
"286";c(6644224.29117078, 1864083.04612565, 84);"Oronte";"M2";"Est";2;6644224.29117078;1864083.04612565;84;"Lower_point"
"287";c(6644515.3240136, 1864482.67671813, 84);"Oronte";"M2";"Low";2;6644515.3240136;1864482.67671813;84;"Lower_point"
"288";c(6644129.11248649, 1863504.02880415, 80);"Oronte";"M2";"Up";2;6644129.11248649;1863504.02880415;80;"Lower_point"
"289";c(4116942.90769337, 2396424.25886936, 314);"Po";"M1";"Est";1;4116942.90769337;2396424.25886936;314;"Only_point"
"290";c(4116743.89288373, 2396201.92614917, 313);"Po";"M1";"Low";1;4116743.89288373;2396201.92614917;313;"Only_point"
"291";c(4117283.36936181, 2396633.22715017, 307);"Po";"M1";"Up";1;4117283.36936181;2396633.22715017;307;"Only_point"
"292";c(4116942.90769337, 2396424.25886936, 314);"Po";"M2";"Est";2;4116942.90769337;2396424.25886936;314;"Upper_point"
"293";c(4116743.89288373, 2396201.92614917, 313);"Po";"M2";"Low";2;4116743.89288373;2396201.92614917;313;"Upper_point"
"294";c(4117283.36936181, 2396633.22715017, 307);"Po";"M2";"Up";2;4117283.36936181;2396633.22715017;307;"Upper_point"
"295";c(4237855.78444952, 2441009.57220674, 57);"Po";"M2";"Est";2;4237855.78444952;2441009.57220674;57;"Lower_point"
"296";c(4232288.33757175, 2438734.39549689, 64);"Po";"M2";"Low";2;4232288.33757175;2438734.39549689;64;"Lower_point"
"297";c(4243711.20544004, 2441783.44412008, 59);"Po";"M2";"Up";2;4243711.20544004;2441783.44412008;59;"Lower_point"
"298";c(4281221.97880023, 2636822.27899675, 566);"Rhine";"M1";"Est";1;4281221.97880023;2636822.27899675;566;"Only_point"
"299";c(4280457.69224162, 2636627.78386786, 568);"Rhine";"M1";"Low";1;4280457.69224162;2636627.78386786;568;"Only_point"
"300";c(4281854.71476388, 2637103.47670855, 571);"Rhine";"M1";"Up";1;4281854.71476388;2637103.47670855;571;"Only_point"
"301";c(4269868.80240862, 2632676.4845167, 624);"Rhine";"M2";"Est";2;4269868.80240862;2632676.4845167;624;"Upper_point"
"302";c(4269536.04908766, 2632517.58667875, 628);"Rhine";"M2";"Low";2;4269536.04908766;2632517.58667875;628;"Upper_point"
"303";c(4270198.44098529, 2632832.76275024, 616);"Rhine";"M2";"Up";2;4270198.44098529;2632832.76275024;616;"Upper_point"
"304";c(4168760.2540682, 2845146.95728772, 120);"Rhine";"M2";"Est";2;4168760.2540682;2845146.95728772;120;"Lower_point"
"305";c(4166449.90405822, 2842556.66536299, 122);"Rhine";"M2";"Low";2;4166449.90405822;2842556.66536299;122;"Lower_point"
"306";c(4171206.28301001, 2847588.8463707, 120);"Rhine";"M2";"Up";2;4171206.28301001;2847588.8463707;120;"Lower_point"
"307";c(4155781.85978128, 2579084.53984981, 644);"Rhône";"M1";"Est";1;4155781.85978128;2579084.53984981;644;"Only_point"
"308";c(4156160.75884595, 2578966.07847634, 646);"Rhône";"M1";"Low";1;4156160.75884595;2578966.07847634;646;"Only_point"
"309";c(4155514.9960612, 2579221.45349741, 642);"Rhône";"M1";"Up";1;4155514.9960612;2579221.45349741;642;"Only_point"
"310";c(4162247.2427356, 2579046.40428172, 659);"Rhône";"M2";"Est";2;4162247.2427356;2579046.40428172;659;"Upper_point"
"311";c(4162518.05908329, 2579174.26372902, 660);"Rhône";"M2";"Low";2;4162518.05908329;2579174.26372902;660;"Upper_point"
"312";c(4162007.81467977, 2578867.23251349, 656);"Rhône";"M2";"Up";2;4162007.81467977;2578867.23251349;656;"Upper_point"
"313";c(3991815.0217036, 2522690.68412762, 226);"Rhône";"M2";"Est";2;3991815.0217036;2522690.68412762;226;"Lower_point"
"314";c(3992602.30082381, 2526361.90922322, 226);"Rhône";"M2";"Low";2;3992602.30082381;2526361.90922322;226;"Lower_point"
"315";c(3989171.37106738, 2520068.99219599, 236);"Rhône";"M2";"Up";2;3989171.37106738;2520068.99219599;236;"Lower_point"
"316";c(4017041.81958773, 2765232.71595848, 226);"Saône";"M1";"Est";2;4017041.81958773;2765232.71595848;226;"Only_point"
"317";c(4016500.53556552, 2765809.98267622, 228);"Saône";"M1";"Low";2;4016500.53556552;2765809.98267622;228;"Only_point"
"318";c(4017859.63713438, 2765369.14218348, 224);"Saône";"M1";"Up";2;4017859.63713438;2765369.14218348;224;"Only_point"
"319";c(4015923.6913382, 2774131.81146283, 238);"Saône";"M2";"Est";4;4015923.6913382;2774131.81146283;238;"Upper_point"
"320";c(4015917.2498717, 2774244.68637477, 240);"Saône";"M2";"Low";4;4015917.2498717;2774244.68637477;240;"Upper_point"
"321";c(4016100.25456353, 2773686.3584642, 240);"Saône";"M2";"Up";4;4016100.25456353;2773686.3584642;240;"Upper_point"
"322";c(3984259.94783275, 2710301.95173214, 187);"Saône";"M2";"Est";4;3984259.94783275;2710301.95173214;187;"Lower_point"
"323";c(3985503.02281589, 2712243.53456524, 187);"Saône";"M2";"Low";4;3985503.02281589;2712243.53456524;187;"Lower_point"
"324";c(3983954.61122904, 2708167.59005058, 186);"Saône";"M2";"Up";4;3983954.61122904;2708167.59005058;186;"Lower_point"
"325";c(4771043.04152373, 2542196.60552833, 126);"Sava";"M1";"Est";1;4771043.04152373;2542196.60552833;126;"Only_point"
"326";c(4770452.74990376, 2542089.15411828, 126);"Sava";"M1";"Low";1;4770452.74990376;2542089.15411828;126;"Only_point"
"327";c(4771537.26922663, 2542270.14889737, 122);"Sava";"M1";"Up";1;4771537.26922663;2542270.14889737;122;"Only_point"
"328";c(4711111.18529323, 2570299.82835321, 205);"Sava";"M2";"Est";4;4711111.18529323;2570299.82835321;205;"Upper_point"
"329";c(4710364.80721596, 2570127.50653012, 214);"Sava";"M2";"Low";4;4710364.80721596;2570127.50653012;214;"Upper_point"
"330";c(4711899.36243012, 2570252.02015928, 209);"Sava";"M2";"Up";4;4711899.36243012;2570252.02015928;209;"Upper_point"
"331";c(4795102.61708819, 2538483.51689232, 106);"Sava";"M2";"Est";4;4795102.61708819;2538483.51689232;106;"Lower_point"
"332";c(4794615.94163361, 2538181.75480158, 101);"Sava";"M2";"Low";4;4794615.94163361;2538181.75480158;101;"Lower_point"
"333";c(4795463.4443961, 2538818.4645482, 99);"Sava";"M2";"Up";4;4795463.4443961;2538818.4645482;99;"Lower_point"
"334";c(3858578.69792797, 3044502.19082227, 21);"Schelde";"M1";"Est";1;3858578.69792797;3044502.19082227;21;"Only_point"
"335";c(3858220.94634308, 3044156.91303117, 25);"Schelde";"M1";"Low";1;3858220.94634308;3044156.91303117;25;"Only_point"
"336";c(3858852.11065399, 3045032.04019904, 27);"Schelde";"M1";"Up";1;3858852.11065399;3045032.04019904;27;"Only_point"
"337";c(3849018.50986607, 3043261.92207763, 32);"Schelde";"M2";"Est";2;3849018.50986607;3043261.92207763;32;"Upper_point"
"338";c(3848483.04562894, 3042996.30660383, 37);"Schelde";"M2";"Low";2;3848483.04562894;3042996.30660383;37;"Upper_point"
"339";c(3849494.44421839, 3043407.33941789, 31);"Schelde";"M2";"Up";2;3849494.44421839;3043407.33941789;31;"Upper_point"
"340";c(3884986.43534765, 3122888.49686274, 0);"Schelde";"M2";"Est";2;3884986.43534765;3122888.49686274;0;"Lower_point"
"341";c(3882301.65490109, 3121808.76940311, 3);"Schelde";"M2";"Low";2;3882301.65490109;3121808.76940311;3;"Lower_point"
"342";c(3885869.89185081, 3120651.80794238, 1);"Schelde";"M2";"Up";2;3885869.89185081;3120651.80794238;1;"Lower_point"
"343";c(3884406.97302138, 2811485.51789816, 109);"Seine";"M1";"Est";1;3884406.97302138;2811485.51789816;109;"Only_point"
"344";c(3884840.70892235, 2810999.06083542, 113);"Seine";"M1";"Low";1;3884840.70892235;2810999.06083542;113;"Only_point"
"345";c(3883836.91230732, 2811710.95744163, 109);"Seine";"M1";"Up";1;3883836.91230732;2811710.95744163;109;"Only_point"
"346";c(3916065.05278463, 2750352.80102988, 261);"Seine";"M2";"Est";2;3916065.05278463;2750352.80102988;261;"Upper_point"
"347";c(3916283.06126521, 2749969.4210347, 264);"Seine";"M2";"Low";2;3916283.06126521;2749969.4210347;264;"Upper_point"
"348";c(3916155.80218677, 2750637.1560692, 263);"Seine";"M2";"Up";2;3916155.80218677;2750637.1560692;263;"Upper_point"
"349";c(3872772.57503539, 2831959.47242108, 87);"Seine";"M2";"Est";2;3872772.57503539;2831959.47242108;87;"Lower_point"
"350";c(3873318.98124996, 2831599.43648253, 88);"Seine";"M2";"Low";2;3873318.98124996;2831599.43648253;88;"Lower_point"
"351";c(3873123.0225521, 2832288.97487017, 87);"Seine";"M2";"Up";2;3873123.0225521;2832288.97487017;87;"Lower_point"
"352";c(3816203.72664541, 2986898.91389989, 54);"Somme";"M1";"Est";1;3816203.72664541;2986898.91389989;54;"Only_point"
"353";c(3817256.80366512, 2985881.65032667, 55);"Somme";"M1";"Low";1;3817256.80366512;2985881.65032667;55;"Only_point"
"354";c(3815690.97266115, 2988168.28847108, 54);"Somme";"M1";"Up";1;3815690.97266115;2988168.28847108;54;"Only_point"
"355";c(3818092.0764167, 2984736.66510835, 54);"Somme";"M2";"Est";2;3818092.0764167;2984736.66510835;54;"Upper_point"
"356";c(3819576.85869961, 2983902.24064548, 57);"Somme";"M2";"Low";2;3819576.85869961;2983902.24064548;57;"Upper_point"
"357";c(3817156.08738451, 2986145.05307053, 53);"Somme";"M2";"Up";2;3817156.08738451;2986145.05307053;53;"Upper_point"
"358";c(3743055.62704526, 3025167.79984929, 6);"Somme";"M2";"Est";2;3743055.62704526;3025167.79984929;6;"Lower_point"
"359";c(3745703.44071453, 3023712.63066118, 8);"Somme";"M2";"Low";2;3745703.44071453;3023712.63066118;8;"Lower_point"
"360";c(3740764.54934446, 3027015.86717646, 14);"Somme";"M2";"Up";2;3740764.54934446;3027015.86717646;14;"Lower_point"
"361";c(3274586.44538468, 2046858.35605546, 786);"Tajo";"M1";"Est";1;3274586.44538468;2046858.35605546;786;"Only_point"
"362";c(3274828.31942061, 2047231.1737842, 790);"Tajo";"M1";"Low";1;3274828.31942061;2047231.1737842;790;"Only_point"
"363";c(3274228.38904115, 2046453.55744092, 797);"Tajo";"M1";"Up";1;3274228.38904115;2046453.55744092;797;"Only_point"
"364";c(3295410.80612476, 2049390.25089245, 924);"Tajo";"M2";"Est";2;3295410.80612476;2049390.25089245;924;"Upper_point"
"365";c(3295500.20553234, 2048913.88473314, 908);"Tajo";"M2";"Low";2;3295500.20553234;2048913.88473314;908;"Upper_point"
"366";c(3295422.31336275, 2049892.60893918, 903);"Tajo";"M2";"Up";2;3295422.31336275;2049892.60893918;903;"Upper_point"
"367";c(3225448.3057064, 2011066.68138946, 598);"Tajo";"M2";"Est";2;3225448.3057064;2011066.68138946;598;"Lower_point"
"368";c(3226925.21446931, 2010474.26864083, 604);"Tajo";"M2";"Low";2;3226925.21446931;2010474.26864083;604;"Lower_point"
"369";c(3224242.73463231, 2010676.83122838, 594);"Tajo";"M2";"Up";2;3224242.73463231;2010676.83122838;594;"Lower_point"
"370";c(3808949.1781033, 2380545.21338466, 533);"Tarn";"M1";"Est";1;3808949.1781033;2380545.21338466;533;"Only_point"
"371";c(3809374.06381941, 2380468.51007547, 543);"Tarn";"M1";"Low";1;3809374.06381941;2380468.51007547;543;"Only_point"
"372";c(3808822.54659178, 2380924.59800148, 538);"Tarn";"M1";"Up";1;3808822.54659178;2380924.59800148;538;"Only_point"
"373";c(3808949.1781033, 2380545.21338466, 533);"Tarn";"M2";"Est";2;3808949.1781033;2380545.21338466;533;"Upper_point"
"374";c(3809184.72120597, 2380422.8828892, 538);"Tarn";"M2";"Low";2;3809184.72120597;2380422.8828892;538;"Upper_point"
"375";c(3808886.25344803, 2380735.04797642, 540);"Tarn";"M2";"Up";2;3808886.25344803;2380735.04797642;540;"Upper_point"
"376";c(3673342.63362768, 2346142.04465207, 125);"Tarn";"M2";"Est";2;3673342.63362768;2346142.04465207;125;"Lower_point"
"377";c(3674867.10341953, 2346150.98277386, 126);"Tarn";"M2";"Low";2;3674867.10341953;2346150.98277386;126;"Lower_point"
"378";c(3671927.81246955, 2345134.37379189, 127);"Tarn";"M2";"Up";2;3671927.81246955;2345134.37379189;127;"Lower_point"
"379";c(4488590.98515038, 2281411.50158599, 372);"Tevere";"M1";"Est";1;4488590.98515038;2281411.50158599;372;"Only_point"
"380";c(4488574.64535534, 2281810.62899989, 371);"Tevere";"M1";"Low";1;4488574.64535534;2281810.62899989;371;"Only_point"
"381";c(4488587.21940642, 2281011.74837061, 369);"Tevere";"M1";"Up";1;4488587.21940642;2281011.74837061;369;"Only_point"
"382";c(4486338.0584498, 2286170.08725132, 431);"Tevere";"M2";"Est";2;4486338.0584498;2286170.08725132;431;"Upper_point"
"383";c(4486149.18687153, 2286401.64325848, 430);"Tevere";"M2";"Low";2;4486149.18687153;2286401.64325848;430;"Upper_point"
"384";c(4486505.69114759, 2286063.08837245, 436);"Tevere";"M2";"Up";2;4486505.69114759;2286063.08837245;436;"Upper_point"
"385";c(4515844.34435313, 2154273.58744853, 50);"Tevere";"M2";"Est";2;4515844.34435313;2154273.58744853;50;"Lower_point"
"386";c(4513911.56915488, 2156589.68471398, 59);"Tevere";"M2";"Low";2;4513911.56915488;2156589.68471398;59;"Lower_point"
"387";c(4518545.96116595, 2153362.71812591, 51);"Tevere";"M2";"Up";2;4518545.96116595;2153362.71812591;51;"Lower_point"
"388";c(3606893.45676955, 3199044.39768269, 7);"Thames";"M1";"Est";1;3606893.45676955;3199044.39768269;7;"Only_point"
"389";c(3605470.65215332, 3198364.72917428, 6);"Thames";"M1";"Low";1;3605470.65215332;3198364.72917428;6;"Only_point"
"390";c(3607050.93550338, 3200393.94883543, 5);"Thames";"M1";"Up";1;3607050.93550338;3200393.94883543;5;"Only_point"
"391";c(3504032.23667892, 3237304.12740837, 80);"Thames";"M2";"Est";2;3504032.23667892;3237304.12740837;80;"Upper_point"
"392";c(3503535.82641767, 3237742.6287194, 81);"Thames";"M2";"Low";2;3503535.82641767;3237742.6287194;81;"Upper_point"
"393";c(3504643.66149016, 3237000.29131841, 82);"Thames";"M2";"Up";2;3504643.66149016;3237000.29131841;82;"Upper_point"
"394";c(3613327.01673047, 3201924.84467894, 2);"Thames";"M2";"Est";2;3613327.01673047;3201924.84467894;2;"Lower_point"
"395";c(3612577.43133826, 3202992.68054523, 0);"Thames";"M2";"Low";2;3612577.43133826;3202992.68054523;0;"Lower_point"
"396";c(3613705.66711077, 3200533.32911302, 10);"Thames";"M2";"Up";2;3613705.66711077;3200533.32911302;10;"Lower_point"
"397";c(4238686.47234553, 2583967.16859258, 304);"Ticino";"M1";"Est";1;4238686.47234553;2583967.16859258;304;"Only_point"
"398";c(4238550.24633428, 2584092.24206889, 305);"Ticino";"M1";"Low";1;4238550.24633428;2584092.24206889;305;"Only_point"
"399";c(4238962.97845991, 2583850.79731217, 306);"Ticino";"M1";"Up";1;4238962.97845991;2583850.79731217;306;"Only_point"
"400";c(4236505.28821821, 2586089.61361794, 332);"Ticino";"M2";"Est";3;4236505.28821821;2586089.61361794;332;"Upper_point"
"401";c(4236390.10078109, 2586253.03991247, 332);"Ticino";"M2";"Low";3;4236390.10078109;2586253.03991247;332;"Upper_point"
"402";c(4236610.15248706, 2585919.64326484, 327);"Ticino";"M2";"Up";3;4236610.15248706;2585919.64326484;327;"Upper_point"
"403";c(4258300.41395474, 2450453.99095317, 54);"Ticino";"M2";"Est";3;4258300.41395474;2450453.99095317;54;"Lower_point"
"404";c(4254681.02775435, 2452299.57318535, 61);"Ticino";"M2";"Low";3;4254681.02775435;2452299.57318535;61;"Lower_point"
"405";c(4261502.3525102, 2448034.7052153, 50);"Ticino";"M2";"Up";3;4261502.3525102;2448034.7052153;50;"Lower_point"
"406";c(5557140.40819883, 2290840.91253083, 440);"Tundzha";"M1";"Est";1;5557140.40819883;2290840.91253083;440;"Only_point"
"407";c(5556789.83775189, 2290663.15257489, 442);"Tundzha";"M1";"Low";1;5556789.83775189;2290663.15257489;442;"Only_point"
"408";c(5557464.20859171, 2291040.8327338, 438);"Tundzha";"M1";"Up";1;5557464.20859171;2291040.8327338;438;"Only_point"
"409";c(5557140.40819883, 2290840.91253083, 440);"Tundzha";"M2";"Est";2;5557140.40819883;2290840.91253083;440;"Upper_point"
"410";c(5556715.53392065, 2290596.60931448, 438);"Tundzha";"M2";"Low";2;5556715.53392065;2290596.60931448;438;"Upper_point"
"411";c(5557540.85929033, 2291089.27032902, 440);"Tundzha";"M2";"Up";2;5557540.85929033;2291089.27032902;440;"Upper_point"
"412";c(5658386.95923433, 2307660.40172302, 140);"Tundzha";"M2";"Est";2;5658386.95923433;2307660.40172302;140;"Lower_point"
"413";c(5655581.492765, 2307398.83802756, 145);"Tundzha";"M2";"Low";2;5655581.492765;2307398.83802756;145;"Lower_point"
"414";c(5661941.49829972, 2310362.42275569, 140);"Tundzha";"M2";"Up";2;5661941.49829972;2310362.42275569;140;"Lower_point"
"415";c(3657644.70247898, 2565822.40431747, 248);"Vienne";"M1";"Est";1;3657644.70247898;2565822.40431747;248;"Only_point"
"416";c(3657975.86198345, 2565243.4356385, 259);"Vienne";"M1";"Low";1;3657975.86198345;2565243.4356385;259;"Only_point"
"417";c(3657089.81746917, 2565911.95938007, 270);"Vienne";"M1";"Up";1;3657089.81746917;2565911.95938007;270;"Only_point"
"418";c(3671409.04364172, 2553773.11545844, 301);"Vienne";"M2";"Est";2;3671409.04364172;2553773.11545844;301;"Upper_point"
"419";c(3671516.29107806, 2553514.02327208, 297);"Vienne";"M2";"Low";2;3671516.29107806;2553514.02327208;297;"Upper_point"
"420";c(3671148.44335501, 2553757.49849713, 303);"Vienne";"M2";"Up";2;3671148.44335501;2553757.49849713;303;"Upper_point"
"421";c(3603635.26773158, 2645403.29712878, 68);"Vienne";"M2";"Est";2;3603635.26773158;2645403.29712878;68;"Lower_point"
"422";c(3603227.20951937, 2644103.15094369, 67);"Vienne";"M2";"Low";2;3603227.20951937;2644103.15094369;67;"Lower_point"
"423";c(3604292.35607844, 2646464.82272313, 65);"Vienne";"M2";"Up";2;3604292.35607844;2646464.82272313;65;"Lower_point"
"424";c(3840640.74634387, 2704027.64655408, 186);"Yonne";"M1";"Est";1;3840640.74634387;2704027.64655408;186;"Only_point"
"425";c(3840630.04503043, 2703534.30353794, 189);"Yonne";"M1";"Low";1;3840630.04503043;2703534.30353794;189;"Only_point"
"426";c(3840879.63402256, 2704481.6679257, 185);"Yonne";"M1";"Up";1;3840879.63402256;2704481.6679257;185;"Only_point"
"427";c(3851894.78642969, 2694054.65788267, 249);"Yonne";"M2";"Est";3;3851894.78642969;2694054.65788267;249;"Upper_point"
"428";c(3852167.79307679, 2694004.40240205, 251);"Yonne";"M2";"Low";3;3852167.79307679;2694004.40240205;251;"Upper_point"
"429";c(3851696.24221198, 2694062.8276151, 251);"Yonne";"M2";"Up";3;3851696.24221198;2694062.8276151;251;"Upper_point"
"430";c(3837694.61034738, 2774354.04604426, 81);"Yonne";"M2";"Est";3;3837694.61034738;2774354.04604426;81;"Lower_point"
"431";c(3837900.73279678, 2772705.5743892, 85);"Yonne";"M2";"Low";3;3837900.73279678;2772705.5743892;85;"Lower_point"
"432";c(3837459.40003298, 2775625.9415683, 81);"Yonne";"M2";"Up";3;3837459.40003298;2775625.9415683;81;"Lower_point"
