"geometry";"rivers";"model_type";"stat";"X";"Y";"alt";"id"
"1";c(4335013.2268099, 2567573.42447583, 445);"Adda";"M1";"Est";4335013.2268099;2567573.42447583;445;"Only_point"
"2";c(4335589.61950933, 2567962.24439341, 463);"Adda";"M1";"Low";4335589.61950933;2567962.24439341;463;"Only_point"
"3";c(4334395.02214019, 2567067.00957625, 435);"Adda";"M1";"Up";4334395.02214019;2567067.00957625;435;"Only_point"
"4";c(4340656.81615254, 2572482.68521029, 553);"Adda";"M2";"Est";4340656.81615254;2572482.68521029;553;"Upper_point"
"5";c(4340984.84119237, 2573718.99983377, 580);"Adda";"M2";"Low";4340984.84119237;2573718.99983377;580;"Upper_point"
"6";c(4340046.53990481, 2571468.17021045, 539);"Adda";"M2";"Up";4340046.53990481;2571468.17021045;539;"Upper_point"
"7";c(4312753.65519569, 2560822.38493088, 286);"Adda";"M2";"Est";4312753.65519569;2560822.38493088;286;"Lower_point"
"8";c(4316512.21842771, 2561015.21955068, 301);"Adda";"M2";"Low";4316512.21842771;2561015.21955068;301;"Lower_point"
"9";c(4308758.8845192, 2561068.67599169, 281);"Adda";"M2";"Up";4308758.8845192;2561068.67599169;281;"Lower_point"
"10";c(4412577.4874711, 2474264.57685116, 24);"Adige";"M1";"Est";4412577.4874711;2474264.57685116;24;"Only_point"
"11";c(4411269.54773191, 2474200.46039594, 25);"Adige";"M1";"Low";4411269.54773191;2474200.46039594;25;"Only_point"
"12";c(4413605.76191607, 2474047.38122215, 26);"Adige";"M1";"Up";4413605.76191607;2474047.38122215;26;"Only_point"
"13";c(4409042.27493052, 2474657.59546893, 26);"Adige";"M2";"Est";4409042.27493052;2474657.59546893;26;"Upper_point"
"14";c(4405509.805026, 2475685.02951506, 30);"Adige";"M2";"Low";4405509.805026;2475685.02951506;30;"Upper_point"
"15";c(4412413.98578141, 2474151.45551134, 24);"Adige";"M2";"Up";4412413.98578141;2474151.45551134;24;"Upper_point"
"16";c(4420650.28430947, 2468742.85084188, 19);"Adige";"M2";"Est";4420650.28430947;2468742.85084188;19;"Lower_point"
"17";c(4414136.04065264, 2473873.72549895, 20);"Adige";"M2";"Low";4414136.04065264;2473873.72549895;20;"Lower_point"
"18";c(4421185.44432557, 2462610.89857243, 19);"Adige";"M2";"Up";4421185.44432557;2462610.89857243;19;"Lower_point"
"19";c(3944652.48186482, 2913582.97237419, 113);"Aisne";"M1";"Est";3944652.48186482;2913582.97237419;113;"Only_point"
"20";c(3944956.34208082, 2912590.30965233, 118);"Aisne";"M1";"Low";3944956.34208082;2912590.30965233;118;"Only_point"
"21";c(3944253.62863782, 2914738.64430107, 117);"Aisne";"M1";"Up";3944253.62863782;2914738.64430107;117;"Only_point"
"22";c(3957923.92736122, 2885326.25302802, 160);"Aisne";"M2";"Est";3957923.92736122;2885326.25302802;160;"Upper_point"
"23";c(3957805.70526139, 2885051.17298487, 159);"Aisne";"M2";"Low";3957805.70526139;2885051.17298487;159;"Upper_point"
"24";c(3957948.74500233, 2885719.58107301, 159);"Aisne";"M2";"Up";3957948.74500233;2885719.58107301;159;"Upper_point"
"25";c(3935254.13623942, 2940955.04878007, 87);"Aisne";"M2";"Est";3935254.13623942;2940955.04878007;87;"Lower_point"
"26";c(3935757.65939554, 2940755.50142274, 86);"Aisne";"M2";"Low";3935757.65939554;2940755.50142274;86;"Lower_point"
"27";c(3934856.54457884, 2941600.98383629, 84);"Aisne";"M2";"Up";3934856.54457884;2941600.98383629;84;"Lower_point"
"28";c(3810379.2993526, 2464816.09740065, 499);"Allier";"M1";"Est";3810379.2993526;2464816.09740065;499;"Only_point"
"29";c(3811040.79174439, 2464651.62174207, 504);"Allier";"M1";"Low";3811040.79174439;2464651.62174207;504;"Only_point"
"30";c(3809745.75784865, 2464615.98648452, 502);"Allier";"M1";"Up";3809745.75784865;2464615.98648452;502;"Only_point"
"31";c(3815882.29164395, 2457042.37779527, 542);"Allier";"M2";"Est";3815882.29164395;2457042.37779527;542;"Upper_point"
"32";c(3816276.87800563, 2456637.68987687, 542);"Allier";"M2";"Low";3816276.87800563;2456637.68987687;542;"Upper_point"
"33";c(3815622.71703417, 2457506.37520879, 537);"Allier";"M2";"Up";3815622.71703417;2457506.37520879;537;"Upper_point"
"34";c(3801042.35420528, 2549909.2358057, 292);"Allier";"M2";"Est";3801042.35420528;2549909.2358057;292;"Lower_point"
"35";c(3799372.97491864, 2547145.50787887, 293);"Allier";"M2";"Low";3799372.97491864;2547145.50787887;293;"Lower_point"
"36";c(3802399.24042541, 2552681.99156843, 292);"Allier";"M2";"Up";3802399.24042541;2552681.99156843;292;"Lower_point"
"37";c(3889091.40484327, 2733091.70906384, 209);"Armançon";"M1";"Est";3889091.40484327;2733091.70906384;209;"Only_point"
"38";c(3889235.52703918, 2732643.09803619, 211);"Armançon";"M1";"Low";3889235.52703918;2732643.09803619;211;"Only_point"
"39";c(3889064.0424224, 2733651.81678794, 210);"Armançon";"M1";"Up";3889064.0424224;2733651.81678794;210;"Only_point"
"40";c(3889603.34750011, 2732319.68429808, 211);"Armançon";"M2";"Est";3889603.34750011;2732319.68429808;211;"Upper_point"
"41";c(3889979.7109173, 2731969.02040153, 214);"Armançon";"M2";"Low";3889979.7109173;2731969.02040153;214;"Upper_point"
"42";c(3889227.50432729, 2732741.85575293, 211);"Armançon";"M2";"Up";3889227.50432729;2732741.85575293;211;"Upper_point"
"43";c(3857946.71346087, 2781867.86042432, 105);"Armançon";"M2";"Est";3857946.71346087;2781867.86042432;105;"Lower_point"
"44";c(3859175.60415671, 2779941.9774029, 107);"Armançon";"M2";"Low";3859175.60415671;2779941.9774029;107;"Lower_point"
"45";c(3856461.64196079, 2783877.64941566, 106);"Armançon";"M2";"Up";3856461.64196079;2783877.64941566;106;"Lower_point"
"46";c(3933392.16057236, 2797155.060066, 183);"Aube";"M1";"Est";3933392.16057236;2797155.060066;183;"Only_point"
"47";c(3934171.0831785, 2796705.16372256, 185);"Aube";"M1";"Low";3934171.0831785;2796705.16372256;185;"Only_point"
"48";c(3932806.07089821, 2797506.52189608, 182);"Aube";"M1";"Up";3932806.07089821;2797506.52189608;182;"Only_point"
"49";c(3937079.15138631, 2769663.93940667, 249);"Aube";"M2";"Est";3937079.15138631;2769663.93940667;249;"Upper_point"
"50";c(3937510.30138695, 2769603.98756461, 249);"Aube";"M2";"Low";3937510.30138695;2769603.98756461;249;"Upper_point"
"51";c(3936841.34555218, 2769848.43270677, 249);"Aube";"M2";"Up";3936841.34555218;2769848.43270677;249;"Upper_point"
"52";c(3910522.63448156, 2825667.67446736, 111);"Aube";"M2";"Est";3910522.63448156;2825667.67446736;111;"Lower_point"
"53";c(3910705.7698668, 2825053.23094742, 114);"Aube";"M2";"Low";3910705.7698668;2825053.23094742;114;"Lower_point"
"54";c(3909984.31232953, 2825845.67456448, 117);"Aube";"M2";"Up";3909984.31232953;2825845.67456448;117;"Lower_point"
"55";c(3684514.52338469, 2221100.27392187, 405);"Aude";"M1";"Est";3684514.52338469;2221100.27392187;405;"Only_point"
"56";c(3684547.77189193, 2221006.69571122, 407);"Aude";"M1";"Low";3684547.77189193;2221006.69571122;407;"Only_point"
"57";c(3684658.61715709, 2221302.78424899, 404);"Aude";"M1";"Up";3684658.61715709;2221302.78424899;404;"Only_point"
"58";c(3678520.6702056, 2219059.55439713, 554);"Aude";"M2";"Est";3678520.6702056;2219059.55439713;554;"Upper_point"
"59";c(3677985.63586637, 2219067.9072016, 560);"Aude";"M2";"Low";3677985.63586637;2219067.9072016;560;"Upper_point"
"60";c(3678259.77717091, 2218997.80811102, 549);"Aude";"M2";"Up";3678259.77717091;2218997.80811102;549;"Upper_point"
"61";c(3687989.25534066, 2236614.84341477, 226);"Aude";"M2";"Est";3687989.25534066;2236614.84341477;226;"Lower_point"
"62";c(3687168.93849423, 2236383.76165136, 230);"Aude";"M2";"Low";3687168.93849423;2236383.76165136;230;"Lower_point"
"63";c(3688201.2722137, 2237032.04203925, 223);"Aude";"M2";"Up";3688201.2722137;2237032.04203925;223;"Lower_point"
"64";c(6619250.20942729, 1973075.07760037, 78);"Ceyhan";"M1";"Est";6619250.20942729;1973075.07760037;78;"Only_point"
"65";c(6619634.12004293, 1973560.76444041, 77);"Ceyhan";"M1";"Low";6619634.12004293;1973560.76444041;77;"Only_point"
"66";c(6618944.06731431, 1972488.93855092, 79);"Ceyhan";"M1";"Up";6618944.06731431;1972488.93855092;79;"Only_point"
"67";c(6623206.9267102, 1989039.82081653, 135);"Ceyhan";"M2";"Est";6623206.9267102;1989039.82081653;135;"Upper_point"
"68";c(6624183.92720431, 1988528.73712779, 139);"Ceyhan";"M2";"Low";6624183.92720431;1988528.73712779;139;"Upper_point"
"69";c(6622184.60063627, 1989783.72008971, 135);"Ceyhan";"M2";"Up";6622184.60063627;1989783.72008971;135;"Upper_point"
"70";c(6608546.4034418, 1963440.03392889, 39);"Ceyhan";"M2";"Est";6608546.4034418;1963440.03392889;39;"Lower_point"
"71";c(6609598.1104951, 1962551.35584926, 45);"Ceyhan";"M2";"Low";6609598.1104951;1962551.35584926;45;"Lower_point"
"72";c(6607331.59585418, 1962990.35100984, 43);"Ceyhan";"M2";"Up";6607331.59585418;1962990.35100984;43;"Lower_point"
"73";c(3751366.37793533, 2604860.84330751, 213);"Cher";"M1";"Est";3751366.37793533;2604860.84330751;213;"Only_point"
"74";c(3751294.04705312, 2604575.43273485, 217);"Cher";"M1";"Low";3751294.04705312;2604575.43273485;217;"Only_point"
"75";c(3751530.23598018, 2605194.76081661, 218);"Cher";"M1";"Up";3751530.23598018;2605194.76081661;218;"Only_point"
"76";c(3750254.08402752, 2602984.74756859, 224);"Cher";"M2";"Est";3750254.08402752;2602984.74756859;224;"Upper_point"
"77";c(3750055.51417256, 2602832.33284669, 232);"Cher";"M2";"Low";3750055.51417256;2602832.33284669;232;"Upper_point"
"78";c(3750453.55137606, 2603294.42703878, 221);"Cher";"M2";"Up";3750453.55137606;2603294.42703878;221;"Upper_point"
"79";c(3720796.75952291, 2710267.16096559, 98);"Cher";"M2";"Est";3720796.75952291;2710267.16096559;98;"Lower_point"
"80";c(3724351.11568502, 2707739.80973349, 99);"Cher";"M2";"Low";3724351.11568502;2707739.80973349;99;"Lower_point"
"81";c(3716118.38913568, 2711315.88088488, 95);"Cher";"M2";"Up";3716118.38913568;2711315.88088488;95;"Lower_point"
"82";c(3676579.16691668, 2637746.88330538, 132);"Creuse";"M1";"Est";3676579.16691668;2637746.88330538;132;"Only_point"
"83";c(3676018.36626316, 2636849.02947357, 140);"Creuse";"M1";"Low";3676018.36626316;2636849.02947357;140;"Only_point"
"84";c(3675850.35760638, 2638930.7169808, 118);"Creuse";"M1";"Up";3675850.35760638;2638930.7169808;118;"Only_point"
"85";c(3714391.13292743, 2568206.14528785, 444);"Creuse";"M2";"Est";3714391.13292743;2568206.14528785;444;"Upper_point"
"86";c(3714553.080921, 2567856.19861694, 460);"Creuse";"M2";"Low";3714553.080921;2567856.19861694;460;"Upper_point"
"87";c(3714412.91715182, 2568601.58062539, 447);"Creuse";"M2";"Up";3714412.91715182;2568601.58062539;447;"Upper_point"
"88";c(3669331.96529262, 2649270.84166707, 99);"Creuse";"M2";"Est";3669331.96529262;2649270.84166707;99;"Lower_point"
"89";c(3669877.28087046, 2648594.28218569, 98);"Creuse";"M2";"Low";3669877.28087046;2648594.28218569;98;"Lower_point"
"90";c(3668757.79956068, 2649926.25966502, 96);"Creuse";"M2";"Up";3668757.79956068;2649926.25966502;96;"Lower_point"
"91";c(4826732.51655508, 2801414.48513498, 143);"Danube";"M1";"Est";4826732.51655508;2801414.48513498;143;"Only_point"
"92";c(4824705.30865342, 2801748.48612496, 144);"Danube";"M1";"Low";4824705.30865342;2801748.48612496;144;"Only_point"
"93";c(4828712.30370852, 2802105.24225837, 143);"Danube";"M1";"Up";4828712.30370852;2802105.24225837;143;"Only_point"
"94";c(4369846.94008327, 2836485.91886617, 407);"Danube";"M2";"Est";4369846.94008327;2836485.91886617;407;"Upper_point"
"95";c(4369239.1766255, 2835825.54432681, 407);"Danube";"M2";"Low";4369239.1766255;2835825.54432681;407;"Upper_point"
"96";c(4370598.39670404, 2836978.13416195, 407);"Danube";"M2";"Up";4370598.39670404;2836978.13416195;407;"Upper_point"
"97";c(4906708.66087161, 2767410.5762573, 107);"Danube";"M2";"Est";4906708.66087161;2767410.5762573;107;"Lower_point"
"98";c(4905622.8248626, 2767560.61513472, 107);"Danube";"M2";"Low";4905622.8248626;2767560.61513472;107;"Lower_point"
"99";c(4907777.38628431, 2767563.51942703, 107);"Danube";"M2";"Up";4907777.38628431;2767563.51942703;107;"Lower_point"
"100";c(3708795.10502018, 2488754.40278887, 265);"Dordogne";"M1";"Est";3708795.10502018;2488754.40278887;265;"Only_point"
"101";c(3709366.33263231, 2489462.38979479, 263);"Dordogne";"M1";"Low";3709366.33263231;2489462.38979479;263;"Only_point"
"102";c(3707933.15819989, 2489029.97271004, 265);"Dordogne";"M1";"Up";3707933.15819989;2489029.97271004;265;"Only_point"
"103";c(3740172.50515617, 2526402.27537992, 590);"Dordogne";"M2";"Est";3740172.50515617;2526402.27537992;590;"Upper_point"
"104";c(3740337.8798056, 2526746.86934363, 600);"Dordogne";"M2";"Low";3740337.8798056;2526746.86934363;600;"Upper_point"
"105";c(3739937.51818257, 2526238.53384095, 585);"Dordogne";"M2";"Up";3739937.51818257;2526238.53384095;585;"Upper_point"
"106";c(3678978.91858746, 2470489.71372268, 163);"Dordogne";"M2";"Est";3678978.91858746;2470489.71372268;163;"Lower_point"
"107";c(3678569.46671372, 2471308.68444302, 153);"Dordogne";"M2";"Low";3678569.46671372;2471308.68444302;153;"Lower_point"
"108";c(3678525.08515894, 2469808.90528573, 175);"Dordogne";"M2";"Up";3678525.08515894;2469808.90528573;175;"Lower_point"
"109";c(4075896.53198715, 2697949.82544999, 355);"Doubs";"M1";"Est";4075896.53198715;2697949.82544999;355;"Only_point"
"110";c(4075887.72009252, 2697060.99091933, 356);"Doubs";"M1";"Low";4075887.72009252;2697060.99091933;356;"Only_point"
"111";c(4076071.44748497, 2698783.59842514, 359);"Doubs";"M1";"Up";4076071.44748497;2698783.59842514;359;"Only_point"
"112";c(4102493.29973512, 2698027.30204192, 434);"Doubs";"M2";"Est";4102493.29973512;2698027.30204192;434;"Upper_point"
"113";c(4104515.1011212, 2698117.18047149, 438);"Doubs";"M2";"Low";4104515.1011212;2698117.18047149;438;"Upper_point"
"114";c(4101036.7146023, 2697182.08878107, 427);"Doubs";"M2";"Up";4101036.7146023;2697182.08878107;427;"Upper_point"
"115";c(4069866.13039157, 2709924.91493541, 300);"Doubs";"M2";"Est";4069866.13039157;2709924.91493541;300;"Lower_point"
"116";c(4071897.96267846, 2711191.68752501, 303);"Doubs";"M2";"Low";4071897.96267846;2711191.68752501;303;"Lower_point"
"117";c(4067395.66700072, 2709691.99417553, 296);"Doubs";"M2";"Up";4067395.66700072;2709691.99417553;296;"Lower_point"
"118";c(3000134.70689139, 2182550.06735968, 607);"Duero";"M1";"Est";3000134.70689139;2182550.06735968;607;"Only_point"
"119";c(3002505.30693217, 2183451.02568748, 611);"Duero";"M1";"Low";3002505.30693217;2183451.02568748;611;"Only_point"
"120";c(2997999.43802435, 2177625.49732741, 612);"Duero";"M1";"Up";2997999.43802435;2177625.49732741;612;"Only_point"
"121";c(2968539.87188211, 2189128.81199318, 477);"Duero";"M2";"Est";2968539.87188211;2189128.81199318;477;"Upper_point"
"122";c(2969468.14616705, 2190422.10712317, 512);"Duero";"M2";"Low";2969468.14616705;2190422.10712317;512;"Upper_point"
"123";c(2967048.77954431, 2187500.77741616, 477);"Duero";"M2";"Up";2967048.77954431;2187500.77741616;477;"Upper_point"
"124";c(2908589.0064188, 2150561.05116545, 129);"Duero";"M2";"Est";2908589.0064188;2150561.05116545;129;"Lower_point"
"125";c(2911082.37714953, 2149913.7598913, 127);"Duero";"M2";"Low";2911082.37714953;2149913.7598913;127;"Lower_point"
"126";c(2906446.03333908, 2151997.96832943, 125);"Duero";"M2";"Up";2906446.03333908;2151997.96832943;125;"Lower_point"
"127";c(3303908.80673556, 2235619.9629385, 361);"Ebro";"M1";"Est";3303908.80673556;2235619.9629385;361;"Only_point"
"128";c(3302763.96719184, 2235444.95473162, 365);"Ebro";"M1";"Low";3302763.96719184;2235444.95473162;365;"Only_point"
"129";c(3305400.22755387, 2235117.10535355, 359);"Ebro";"M1";"Up";3305400.22755387;2235117.10535355;359;"Only_point"
"130";c(3206373.2713446, 2300292.23405105, 604);"Ebro";"M2";"Est";3206373.2713446;2300292.23405105;604;"Upper_point"
"131";c(3205381.57024183, 2300668.76806908, 602);"Ebro";"M2";"Low";3205381.57024183;2300668.76806908;602;"Upper_point"
"132";c(3207393.81919393, 2299668.58237462, 611);"Ebro";"M2";"Up";3207393.81919393;2299668.58237462;611;"Upper_point"
"133";c(3341403.48422168, 2209316.04448895, 287);"Ebro";"M2";"Est";3341403.48422168;2209316.04448895;287;"Lower_point"
"134";c(3340102.15797315, 2210385.93521935, 287);"Ebro";"M2";"Low";3340102.15797315;2210385.93521935;287;"Lower_point"
"135";c(3342756.50441466, 2208544.59406169, 288);"Ebro";"M2";"Up";3342756.50441466;2208544.59406169;288;"Lower_point"
"136";c(3698986.91407432, 2858750.46408819, 113);"Eure";"M1";"Est";3698986.91407432;2858750.46408819;113;"Only_point"
"137";c(3698057.60723134, 2857993.89422692, 113);"Eure";"M1";"Low";3698057.60723134;2857993.89422692;113;"Only_point"
"138";c(3699962.66910356, 2859012.89139993, 111);"Eure";"M1";"Up";3699962.66910356;2859012.89139993;111;"Only_point"
"139";c(3679482.08635547, 2852261.81752937, 153);"Eure";"M2";"Est";3679482.08635547;2852261.81752937;153;"Upper_point"
"140";c(3678214.41834288, 2852811.3738212, 154);"Eure";"M2";"Low";3678214.41834288;2852811.3738212;154;"Upper_point"
"141";c(3680355.95471965, 2851181.29235208, 150);"Eure";"M2";"Up";3680355.95471965;2851181.29235208;150;"Upper_point"
"142";c(3692608.66308369, 2879008.11087518, 84);"Eure";"M2";"Est";3692608.66308369;2879008.11087518;84;"Lower_point"
"143";c(3693320.25007931, 2876936.50064855, 90);"Eure";"M2";"Low";3693320.25007931;2876936.50064855;90;"Lower_point"
"144";c(3691334.91190985, 2880445.2721204, 84);"Eure";"M2";"Up";3691334.91190985;2880445.2721204;84;"Lower_point"
"145";c(3555642.93615015, 2261599.55655285, 443);"Garonne";"M1";"Est";3555642.93615015;2261599.55655285;443;"Only_point"
"146";c(3555939.83176991, 2260901.99948538, 444);"Garonne";"M1";"Low";3555939.83176991;2260901.99948538;444;"Only_point"
"147";c(3555305.11248251, 2262113.0098955, 441);"Garonne";"M1";"Up";3555305.11248251;2262113.0098955;441;"Only_point"
"148";c(3562256.85532401, 2237741.31076287, 620);"Garonne";"M2";"Est";3562256.85532401;2237741.31076287;620;"Upper_point"
"149";c(3562024.67262046, 2237585.74205553, 622);"Garonne";"M2";"Low";3562024.67262046;2237585.74205553;622;"Upper_point"
"150";c(3562497.16087781, 2237743.00672131, 633);"Garonne";"M2";"Up";3562497.16087781;2237743.00672131;633;"Upper_point"
"151";c(3629203.88683885, 2312240.66118597, 134);"Garonne";"M2";"Est";3629203.88683885;2312240.66118597;134;"Lower_point"
"152";c(3629079.17896701, 2310852.11262179, 136);"Garonne";"M2";"Low";3629079.17896701;2310852.11262179;136;"Lower_point"
"153";c(3629114.60830448, 2313561.31521543, 134);"Garonne";"M2";"Up";3629114.60830448;2313561.31521543;134;"Lower_point"
"154";c(3110396.95816834, 1673706.61064302, 668);"Genil";"M1";"Est";3110396.95816834;1673706.61064302;668;"Only_point"
"155";c(3110685.49615248, 1673788.15601106, 669);"Genil";"M1";"Low";3110685.49615248;1673788.15601106;669;"Only_point"
"156";c(3110008.22300846, 1673612.46386771, 663);"Genil";"M1";"Up";3110008.22300846;1673612.46386771;663;"Only_point"
"157";c(3113751.65687729, 1672453.21272146, 703);"Genil";"M2";"Est";3113751.65687729;1672453.21272146;703;"Upper_point"
"158";c(3113938.2212392, 1672381.38490509, 698);"Genil";"M2";"Low";3113938.2212392;1672381.38490509;698;"Upper_point"
"159";c(3113655.59188021, 1672480.96486237, 699);"Genil";"M2";"Up";3113655.59188021;1672480.96486237;699;"Upper_point"
"160";c(3013450.96508553, 1712649.48634978, 178);"Genil";"M2";"Est";3013450.96508553;1712649.48634978;178;"Lower_point"
"161";c(3014261.54442667, 1712857.55906031, 183);"Genil";"M2";"Low";3014261.54442667;1712857.55906031;183;"Lower_point"
"162";c(3012826.87863767, 1712935.35711657, 172);"Genil";"M2";"Up";3012826.87863767;1712935.35711657;172;"Lower_point"
"163";c(3171640.16614159, 1761067.46754788, 412);"Guadalquivir";"M1";"Est";3171640.16614159;1761067.46754788;412;"Only_point"
"164";c(3172141.47544471, 1761627.24718739, 416);"Guadalquivir";"M1";"Low";3172141.47544471;1761627.24718739;416;"Only_point"
"165";c(3170855.20446228, 1761582.51853212, 413);"Guadalquivir";"M1";"Up";3170855.20446228;1761582.51853212;413;"Only_point"
"166";c(3190833.0781916, 1758229.1380063, 651);"Guadalquivir";"M2";"Est";3190833.0781916;1758229.1380063;651;"Upper_point"
"167";c(3190441.5457143, 1757938.61957359, 655);"Guadalquivir";"M2";"Low";3190441.5457143;1757938.61957359;655;"Upper_point"
"168";c(3191158.77949135, 1758381.09116005, 643);"Guadalquivir";"M2";"Up";3191158.77949135;1758381.09116005;643;"Upper_point"
"169";c(3121198.89984463, 1760823.41250913, 258);"Guadalquivir";"M2";"Est";3121198.89984463;1760823.41250913;258;"Lower_point"
"170";c(3121832.97180932, 1759590.97565039, 262);"Guadalquivir";"M2";"Low";3121832.97180932;1759590.97565039;262;"Lower_point"
"171";c(3120309.99273382, 1759441.24913356, 253);"Guadalquivir";"M2";"Up";3120309.99273382;1759441.24913356;253;"Lower_point"
"172";c(4115641.60402285, 2729625.2840713, 265);"Ill";"M1";"Est";4115641.60402285;2729625.2840713;265;"Only_point"
"173";c(4115690.03371637, 2729164.39400722, 272);"Ill";"M1";"Low";4115690.03371637;2729164.39400722;272;"Only_point"
"174";c(4115522.54680811, 2730030.26186937, 266);"Ill";"M1";"Up";4115522.54680811;2730030.26186937;266;"Only_point"
"175";c(4123015.43740671, 2714195.64997527, 378);"Ill";"M2";"Est";4123015.43740671;2714195.64997527;378;"Upper_point"
"176";c(4123187.60781825, 2714098.97706483, 379);"Ill";"M2";"Low";4123187.60781825;2714098.97706483;379;"Upper_point"
"177";c(4122735.39310146, 2714211.75534358, 377);"Ill";"M2";"Up";4122735.39310146;2714211.75534358;377;"Upper_point"
"178";c(4122162.55110526, 2743621.01006004, 228);"Ill";"M2";"Est";4122162.55110526;2743621.01006004;228;"Lower_point"
"179";c(4121741.08788643, 2743358.91734364, 232);"Ill";"M2";"Low";4121741.08788643;2743358.91734364;232;"Lower_point"
"180";c(4122697.78845173, 2743881.27357252, 231);"Ill";"M2";"Up";4122697.78845173;2743881.27357252;231;"Lower_point"
"181";c(4438296.80865665, 2735647.01926937, 660);"Isar";"M1";"Est";4438296.80865665;2735647.01926937;660;"Only_point"
"182";c(4438105.21104768, 2734867.52650028, 664);"Isar";"M1";"Low";4438105.21104768;2734867.52650028;664;"Only_point"
"183";c(4438611.65622322, 2736412.84396919, 656);"Isar";"M1";"Up";4438611.65622322;2736412.84396919;656;"Only_point"
"184";c(4429132.77671035, 2717273.95828368, 0);"Isar";"M2";"Est";4429132.77671035;2717273.95828368;0;"Lower_point"
"185";c(4428641.65499441, 2716741.12164787, 789);"Isar";"M2";"Low";4428641.65499441;2716741.12164787;789;"Upper_point"
"186";c(4429908.72767629, 2717305.45396103, 770);"Isar";"M2";"Up";4429908.72767629;2717305.45396103;770;"Upper_point"
"187";c(4445162.72166699, 2792599.28182097, 481);"Isar";"M2";"Est";4445162.72166699;2792599.28182097;481;"Upper_point"
"188";c(4443926.95095352, 2791109.0600657, 485);"Isar";"M2";"Low";4443926.95095352;2791109.0600657;485;"Lower_point"
"189";c(4446064.73792918, 2794421.56962249, 478);"Isar";"M2";"Up";4446064.73792918;2794421.56962249;478;"Lower_point"
"190";c(3865382.53908941, 2487486.17733738, 432);"Loire";"M1";"Est";3865382.53908941;2487486.17733738;432;"Only_point"
"191";c(3864665.24395104, 2486816.716057, 439);"Loire";"M1";"Low";3864665.24395104;2486816.716057;439;"Only_point"
"192";c(3865712.32151217, 2488282.87106603, 447);"Loire";"M1";"Up";3865712.32151217;2488282.87106603;447;"Only_point"
"193";c(3838988.7573997, 2451304.81061876, 666);"Loire";"M2";"Est";3838988.7573997;2451304.81061876;666;"Upper_point"
"194";c(3839019.49431049, 2450811.84505559, 649);"Loire";"M2";"Low";3839019.49431049;2450811.84505559;649;"Upper_point"
"195";c(3838831.37084992, 2451670.53019695, 666);"Loire";"M2";"Up";3838831.37084992;2451670.53019695;666;"Upper_point"
"196";c(3864674.83717125, 2571789.55382895, 252);"Loire";"M2";"Est";3864674.83717125;2571789.55382895;252;"Lower_point"
"197";c(3864943.01084814, 2570588.49160464, 258);"Loire";"M2";"Low";3864943.01084814;2570588.49160464;258;"Lower_point"
"198";c(3864405.63702474, 2573057.37668057, 257);"Loire";"M2";"Up";3864405.63702474;2573057.37668057;257;"Lower_point"
"199";c(3732289.4606511, 2418957.99794171, 254);"Lot";"M1";"Est";3732289.4606511;2418957.99794171;254;"Only_point"
"200";c(3733039.34945375, 2418472.70509565, 241);"Lot";"M1";"Low";3733039.34945375;2418472.70509565;241;"Only_point"
"201";c(3732012.66214858, 2419877.32451163, 241);"Lot";"M1";"Up";3732012.66214858;2419877.32451163;241;"Only_point"
"202";c(3809995.81056537, 2402358.41818389, 778);"Lot";"M2";"Est";3809995.81056537;2402358.41818389;778;"Upper_point"
"203";c(3810160.85477046, 2402147.09596112, 774);"Lot";"M2";"Low";3810160.85477046;2402147.09596112;774;"Upper_point"
"204";c(3809999.44769197, 2402557.96760827, 790);"Lot";"M2";"Up";3809999.44769197;2402557.96760827;790;"Upper_point"
"205";c(3721967.39774399, 2423344.10277333, 209);"Lot";"M2";"Est";3721967.39774399;2423344.10277333;209;"Lower_point"
"206";c(3722336.65625538, 2423210.74535586, 216);"Lot";"M2";"Low";3722336.65625538;2423210.74535586;216;"Lower_point"
"207";c(3721641.61127975, 2423059.13040859, 210);"Lot";"M2";"Up";3721641.61127975;2423059.13040859;210;"Lower_point"
"208";c(4040497.61063842, 3129653.91341811, 13);"Maas";"M1";"Est";4040497.61063842;3129653.91341811;13;"Only_point"
"209";c(4039121.64500022, 3127248.01909756, 23);"Maas";"M1";"Low";4039121.64500022;3127248.01909756;23;"Only_point"
"210";c(4041544.56272824, 3132072.52461414, 20);"Maas";"M1";"Up";4041544.56272824;3132072.52461414;20;"Only_point"
"211";c(4005615.07936958, 2832404.02102314, 257);"Maas";"M2";"Est";4005615.07936958;2832404.02102314;257;"Upper_point"
"212";c(4004870.75517939, 2831643.85057226, 257);"Maas";"M2";"Low";4004870.75517939;2831643.85057226;257;"Upper_point"
"213";c(4006125.91067801, 2833041.4122372, 256);"Maas";"M2";"Up";4006125.91067801;2833041.4122372;256;"Upper_point"
"214";c(4054085.29664222, 3147092.13092761, 9);"Maas";"M2";"Est";4054085.29664222;3147092.13092761;9;"Lower_point"
"215";c(4052996.6347102, 3145672.81713025, 9);"Maas";"M2";"Low";4052996.6347102;3145672.81713025;9;"Lower_point"
"216";c(4053847.12987533, 3148666.43304769, 9);"Maas";"M2";"Up";4053847.12987533;3148666.43304769;9;"Lower_point"
"217";c(5456349.72061229, 2238558.14840454, 550);"Maritsa-Evros";"M1";"Est";5456349.72061229;2238558.14840454;550;"Only_point"
"218";c(5456176.51886637, 2238469.09706342, 552);"Maritsa-Evros";"M1";"Low";5456176.51886637;2238469.09706342;552;"Only_point"
"219";c(5456638.2246238, 2238639.11493363, 544);"Maritsa-Evros";"M1";"Up";5456638.2246238;2238639.11493363;544;"Only_point"
"220";c(5451869.20533408, 2238402.64349707, 637);"Maritsa-Evros";"M2";"Est";5451869.20533408;2238402.64349707;637;"Upper_point"
"221";c(5451678.53482653, 2238437.59104677, 643);"Maritsa-Evros";"M2";"Low";5451678.53482653;2238437.59104677;643;"Upper_point"
"222";c(5452060.79877484, 2238449.72676858, 633);"Maritsa-Evros";"M2";"Up";5452060.79877484;2238449.72676858;633;"Upper_point"
"223";c(5490729.13451424, 2233952.62335433, 219);"Maritsa-Evros";"M2";"Est";5490729.13451424;2233952.62335433;219;"Lower_point"
"224";c(5489942.11329249, 2234340.2457133, 219);"Maritsa-Evros";"M2";"Low";5489942.11329249;2234340.2457133;219;"Lower_point"
"225";c(5491590.0780472, 2234194.50082586, 217);"Maritsa-Evros";"M2";"Up";5491590.0780472;2234194.50082586;217;"Lower_point"
"226";c(3927207.14561518, 2851425.88884611, 107);"Marne";"M1";"Est";3927207.14561518;2851425.88884611;107;"Only_point"
"227";c(3927613.0263929, 2850996.39506263, 107);"Marne";"M1";"Low";3927613.0263929;2850996.39506263;107;"Only_point"
"228";c(3927081.31754724, 2851926.96878363, 108);"Marne";"M1";"Up";3927081.31754724;2851926.96878363;108;"Only_point"
"229";c(3961741.29614279, 2787798.9679014, 263);"Marne";"M2";"Est";3961741.29614279;2787798.9679014;263;"Upper_point"
"230";c(3960929.6463021, 2787374.79869714, 263);"Marne";"M2";"Low";3960929.6463021;2787374.79869714;263;"Upper_point"
"231";c(3961634.8190978, 2788674.59414023, 256);"Marne";"M2";"Up";3961634.8190978;2788674.59414023;256;"Upper_point"
"232";c(3923059.65079514, 2856709.03956789, 99);"Marne";"M2";"Est";3923059.65079514;2856709.03956789;99;"Lower_point"
"233";c(3922964.64567664, 2856323.74208439, 99);"Marne";"M2";"Low";3922964.64567664;2856323.74208439;99;"Lower_point"
"234";c(3922788.54641925, 2857023.98416837, 99);"Marne";"M2";"Up";3922788.54641925;2857023.98416837;99;"Lower_point"
"235";c(5284220.98592596, 2307687.87899328, 196);"Morava main";"M1";"Est";5284220.98592596;2307687.87899328;196;"Only_point"
"236";c(5285305.29211351, 2306791.20114219, 195);"Morava main";"M1";"Low";5285305.29211351;2306791.20114219;195;"Only_point"
"237";c(5283132.74278715, 2308650.55185441, 194);"Morava main";"M1";"Up";5283132.74278715;2308650.55185441;194;"Only_point"
"238";c(5289436.194238, 2302041.2009961, 204);"Morava main";"M2";"Est";5289436.194238;2302041.2009961;204;"Upper_point"
"239";c(5290723.981462, 2300815.61612639, 205);"Morava main";"M2";"Low";5290723.981462;2300815.61612639;205;"Upper_point"
"240";c(5288255.43181431, 2303014.21152627, 202);"Morava main";"M2";"Up";5288255.43181431;2303014.21152627;202;"Upper_point"
"241";c(5231197.38172655, 2378408.49721529, 122);"Morava main";"M2";"Est";5231197.38172655;2378408.49721529;122;"Lower_point"
"242";c(5232039.35158302, 2369365.92731786, 124);"Morava main";"M2";"Low";5232039.35158302;2369365.92731786;124;"Lower_point"
"243";c(5229804.64807406, 2384744.97380576, 115);"Morava main";"M2";"Up";5229804.64807406;2384744.97380576;115;"Lower_point"
"244";c(5148058.17056614, 2329997.57842373, 474);"Morava West";"M1";"Est";5148058.17056614;2329997.57842373;474;"Only_point"
"245";c(5148431.6065024, 2329860.70263072, 483);"Morava West";"M1";"Low";5148431.6065024;2329860.70263072;483;"Only_point"
"246";c(5147696.8834648, 2330168.23787445, 474);"Morava West";"M1";"Up";5147696.8834648;2330168.23787445;474;"Only_point"
"247";c(5148490.99095266, 2319872.82733729, 624);"Morava West";"M2";"Est";5148490.99095266;2319872.82733729;624;"Upper_point"
"248";c(5148434.74701802, 2319716.26931088, 626);"Morava West";"M2";"Low";5148434.74701802;2319716.26931088;626;"Upper_point"
"249";c(5148473.76100919, 2320141.32354333, 614);"Morava West";"M2";"Up";5148473.76100919;2320141.32354333;614;"Upper_point"
"250";c(5133786.91178169, 2352036.17105753, 318);"Morava West";"M2";"Est";5133786.91178169;2352036.17105753;318;"Lower_point"
"251";c(5133683.95041257, 2351287.84257673, 319);"Morava West";"M2";"Low";5133683.95041257;2351287.84257673;319;"Lower_point"
"252";c(5134036.83296992, 2352831.2842843, 318);"Morava West";"M2";"Up";5134036.83296992;2352831.2842843;318;"Lower_point"
"253";c(4044110.00330523, 2817729.72830564, 256);"Mosel";"M1";"Est";4044110.00330523;2817729.72830564;256;"Only_point"
"254";c(4044112.26529679, 2816870.3561028, 258);"Mosel";"M1";"Low";4044112.26529679;2816870.3561028;258;"Only_point"
"255";c(4044628.68111618, 2818447.21471085, 256);"Mosel";"M1";"Up";4044628.68111618;2818447.21471085;256;"Only_point"
"256";c(4070024.2912257, 2764000.77625055, 416);"Mosel";"M2";"Est";4070024.2912257;2764000.77625055;416;"Upper_point"
"257";c(4070233.21537313, 2763785.5211011, 423);"Mosel";"M2";"Low";4070233.21537313;2763785.5211011;423;"Upper_point"
"258";c(4069790.88305063, 2764187.1909612, 418);"Mosel";"M2";"Up";4069790.88305063;2764187.1909612;418;"Upper_point"
"259";c(4037399.22028663, 2839094.24492331, 227);"Mosel";"M2";"Est";4037399.22028663;2839094.24492331;227;"Lower_point"
"260";c(4037449.10602809, 2838297.37254373, 227);"Mosel";"M2";"Low";4037449.10602809;2838297.37254373;227;"Lower_point"
"261";c(4036933.1165219, 2839727.93322718, 218);"Mosel";"M2";"Up";4036933.1165219;2839727.93322718;218;"Lower_point"
"262";c(4347775.64402511, 2545766.44947594, 362);"Oglio";"M1";"Est";4347775.64402511;2545766.44947594;362;"Only_point"
"263";c(4347686.28538092, 2545989.84986113, 359);"Oglio";"M1";"Low";4347686.28538092;2545989.84986113;359;"Only_point"
"264";c(4347542.48505583, 2545448.32832245, 357);"Oglio";"M1";"Up";4347542.48505583;2545448.32832245;357;"Only_point"
"265";c(4348174.02289838, 2549839.62132148, 396);"Oglio";"M2";"Est";4348174.02289838;2549839.62132148;396;"Upper_point"
"266";c(4348171.12934426, 2550137.54303458, 394);"Oglio";"M2";"Low";4348171.12934426;2550137.54303458;394;"Upper_point"
"267";c(4348228.40690809, 2549647.32589883, 393);"Oglio";"M2";"Up";4348228.40690809;2549647.32589883;393;"Upper_point"
"268";c(4314477.02164426, 2468937.30092238, 52);"Oglio";"M2";"Est";4314477.02164426;2468937.30092238;52;"Lower_point"
"269";c(4313194.84139892, 2469675.90216021, 52);"Oglio";"M2";"Low";4313194.84139892;2469675.90216021;52;"Lower_point"
"270";c(4316041.16013082, 2468524.73615041, 44);"Oglio";"M2";"Up";4316041.16013082;2468524.73615041;44;"Lower_point"
"271";c(3879211.91329416, 2996102.6990438, 115);"Oise";"M1";"Est";3879211.91329416;2996102.6990438;115;"Only_point"
"272";c(3879627.30561616, 2995919.98694667, 119);"Oise";"M1";"Low";3879627.30561616;2995919.98694667;119;"Only_point"
"273";c(3878956.63176776, 2996376.76623746, 119);"Oise";"M1";"Up";3878956.63176776;2996376.76623746;119;"Only_point"
"274";c(3893267.58850343, 2997112.35818614, 153);"Oise";"M2";"Est";3893267.58850343;2997112.35818614;153;"Upper_point"
"275";c(3893535.70895281, 2997137.12588472, 160);"Oise";"M2";"Low";3893535.70895281;2997137.12588472;160;"Upper_point"
"276";c(3893104.39087335, 2997226.83139838, 151);"Oise";"M2";"Up";3893104.39087335;2997226.83139838;151;"Upper_point"
"277";c(3843025.5160823, 2971207.01812389, 51);"Oise";"M2";"Est";3843025.5160823;2971207.01812389;51;"Lower_point"
"278";c(3843672.67278296, 2971599.25419524, 51);"Oise";"M2";"Low";3843672.67278296;2971599.25419524;51;"Lower_point"
"279";c(3842343.46748499, 2971288.40703399, 48);"Oise";"M2";"Up";3842343.46748499;2971288.40703399;48;"Lower_point"
"280";c(6644319.97102502, 1860872.56425974, 84);"Oronte";"M1";"Est";6644319.97102502;1860872.56425974;84;"Only_point"
"281";c(6644185.41893899, 1861849.44082546, 83);"Oronte";"M1";"Low";6644185.41893899;1861849.44082546;83;"Only_point"
"282";c(6643989.87355526, 1859906.00388986, 85);"Oronte";"M1";"Up";6643989.87355526;1859906.00388986;85;"Only_point"
"283";c(6669942.33039963, 1845829.16883096, 102);"Oronte";"M2";"Est";6669942.33039963;1845829.16883096;102;"Upper_point"
"284";c(6670227.7527097, 1845107.87283492, 107);"Oronte";"M2";"Low";6670227.7527097;1845107.87283492;107;"Upper_point"
"285";c(6669354.45142026, 1846428.60313682, 99);"Oronte";"M2";"Up";6669354.45142026;1846428.60313682;99;"Upper_point"
"286";c(6644224.29117078, 1864083.04612565, 84);"Oronte";"M2";"Est";6644224.29117078;1864083.04612565;84;"Lower_point"
"287";c(6644515.3240136, 1864482.67671813, 84);"Oronte";"M2";"Low";6644515.3240136;1864482.67671813;84;"Lower_point"
"288";c(6644129.11248649, 1863504.02880415, 80);"Oronte";"M2";"Up";6644129.11248649;1863504.02880415;80;"Lower_point"
"289";c(4116942.90769337, 2396424.25886936, 314);"Po";"M1";"Est";4116942.90769337;2396424.25886936;314;"Only_point"
"290";c(4116743.89288373, 2396201.92614917, 313);"Po";"M1";"Low";4116743.89288373;2396201.92614917;313;"Only_point"
"291";c(4117283.36936181, 2396633.22715017, 307);"Po";"M1";"Up";4117283.36936181;2396633.22715017;307;"Only_point"
"292";c(4116942.90769337, 2396424.25886936, 314);"Po";"M2";"Est";4116942.90769337;2396424.25886936;314;"Upper_point"
"293";c(4116743.89288373, 2396201.92614917, 313);"Po";"M2";"Low";4116743.89288373;2396201.92614917;313;"Upper_point"
"294";c(4117283.36936181, 2396633.22715017, 307);"Po";"M2";"Up";4117283.36936181;2396633.22715017;307;"Upper_point"
"295";c(4237855.78444952, 2441009.57220674, 57);"Po";"M2";"Est";4237855.78444952;2441009.57220674;57;"Lower_point"
"296";c(4232288.33757175, 2438734.39549689, 64);"Po";"M2";"Low";4232288.33757175;2438734.39549689;64;"Lower_point"
"297";c(4243711.20544004, 2441783.44412008, 59);"Po";"M2";"Up";4243711.20544004;2441783.44412008;59;"Lower_point"
"298";c(4281221.97880023, 2636822.27899675, 566);"Rhine";"M1";"Est";4281221.97880023;2636822.27899675;566;"Only_point"
"299";c(4280457.69224162, 2636627.78386786, 568);"Rhine";"M1";"Low";4280457.69224162;2636627.78386786;568;"Only_point"
"300";c(4281854.71476388, 2637103.47670855, 571);"Rhine";"M1";"Up";4281854.71476388;2637103.47670855;571;"Only_point"
"301";c(4269868.80240862, 2632676.4845167, 624);"Rhine";"M2";"Est";4269868.80240862;2632676.4845167;624;"Upper_point"
"302";c(4269536.04908766, 2632517.58667875, 628);"Rhine";"M2";"Low";4269536.04908766;2632517.58667875;628;"Upper_point"
"303";c(4270198.44098529, 2632832.76275024, 616);"Rhine";"M2";"Up";4270198.44098529;2632832.76275024;616;"Upper_point"
"304";c(4168760.2540682, 2845146.95728772, 120);"Rhine";"M2";"Est";4168760.2540682;2845146.95728772;120;"Lower_point"
"305";c(4166449.90405822, 2842556.66536299, 122);"Rhine";"M2";"Low";4166449.90405822;2842556.66536299;122;"Lower_point"
"306";c(4171206.28301001, 2847588.8463707, 120);"Rhine";"M2";"Up";4171206.28301001;2847588.8463707;120;"Lower_point"
"307";c(4155781.85978128, 2579084.53984981, 644);"Rhône";"M1";"Est";4155781.85978128;2579084.53984981;644;"Only_point"
"308";c(4156160.75884595, 2578966.07847634, 646);"Rhône";"M1";"Low";4156160.75884595;2578966.07847634;646;"Only_point"
"309";c(4155514.9960612, 2579221.45349741, 642);"Rhône";"M1";"Up";4155514.9960612;2579221.45349741;642;"Only_point"
"310";c(4162247.2427356, 2579046.40428172, 659);"Rhône";"M2";"Est";4162247.2427356;2579046.40428172;659;"Upper_point"
"311";c(4162518.05908329, 2579174.26372902, 660);"Rhône";"M2";"Low";4162518.05908329;2579174.26372902;660;"Upper_point"
"312";c(4162007.81467977, 2578867.23251349, 656);"Rhône";"M2";"Up";4162007.81467977;2578867.23251349;656;"Upper_point"
"313";c(3991815.0217036, 2522690.68412762, 226);"Rhône";"M2";"Est";3991815.0217036;2522690.68412762;226;"Lower_point"
"314";c(3992602.30082381, 2526361.90922322, 226);"Rhône";"M2";"Low";3992602.30082381;2526361.90922322;226;"Lower_point"
"315";c(3989171.37106738, 2520068.99219599, 236);"Rhône";"M2";"Up";3989171.37106738;2520068.99219599;236;"Lower_point"
"316";c(4016698.86959687, 2765987.26950611, 226);"Saône";"M1";"Est";4016698.86959687;2765987.26950611;226;"Only_point"
"317";c(4016462.1452994, 2766676.5001873, 231);"Saône";"M1";"Low";4016462.1452994;2766676.5001873;231;"Only_point"
"318";c(4016782.13384542, 2765306.48388675, 230);"Saône";"M1";"Up";4016782.13384542;2765306.48388675;230;"Only_point"
"319";c(4023522.27811866, 2777714.03899367, 254);"Saône";"M2";"Est";4023522.27811866;2777714.03899367;254;"Upper_point"
"320";c(4023778.29300935, 2777708.08269964, 253);"Saône";"M2";"Low";4023778.29300935;2777708.08269964;253;"Upper_point"
"321";c(4023642.68072551, 2777978.23943222, 252);"Saône";"M2";"Up";4023642.68072551;2777978.23943222;252;"Upper_point"
"322";c(3993959.37440858, 2716381.3840867, 190);"Saône";"M2";"Est";3993959.37440858;2716381.3840867;190;"Lower_point"
"323";c(3994013.56870615, 2718330.4015442, 191);"Saône";"M2";"Low";3994013.56870615;2718330.4015442;191;"Lower_point"
"324";c(3992063.24583727, 2715907.79968362, 189);"Saône";"M2";"Up";3992063.24583727;2715907.79968362;189;"Lower_point"
"325";c(4773614.46597646, 2541421.03445965, 124);"Sava";"M1";"Est";4773614.46597646;2541421.03445965;124;"Only_point"
"326";c(4773125.17072939, 2541742.09251686, 123);"Sava";"M1";"Low";4773125.17072939;2541742.09251686;123;"Only_point"
"327";c(4773922.91233853, 2540907.40438859, 122);"Sava";"M1";"Up";4773922.91233853;2540907.40438859;122;"Only_point"
"328";c(4679595.17182793, 2562497.14441998, 265);"Sava";"M2";"Est";4679595.17182793;2562497.14441998;265;"Upper_point"
"329";c(4679202.34841166, 2562479.82834896, 266);"Sava";"M2";"Low";4679202.34841166;2562479.82834896;266;"Upper_point"
"330";c(4679976.7958856, 2562595.87840511, 264);"Sava";"M2";"Up";4679976.7958856;2562595.87840511;264;"Upper_point"
"331";c(4790935.53959987, 2535649.84939753, 103);"Sava";"M2";"Est";4790935.53959987;2535649.84939753;103;"Lower_point"
"332";c(4790684.21880232, 2535813.52111879, 109);"Sava";"M2";"Low";4790684.21880232;2535813.52111879;109;"Lower_point"
"333";c(4791281.84626751, 2535451.03792359, 101);"Sava";"M2";"Up";4791281.84626751;2535451.03792359;101;"Lower_point"
"334";c(3858578.69792797, 3044502.19082227, 21);"Schelde";"M1";"Est";3858578.69792797;3044502.19082227;21;"Only_point"
"335";c(3858220.94634308, 3044156.91303117, 25);"Schelde";"M1";"Low";3858220.94634308;3044156.91303117;25;"Only_point"
"336";c(3858852.11065399, 3045032.04019904, 27);"Schelde";"M1";"Up";3858852.11065399;3045032.04019904;27;"Only_point"
"337";c(3849018.50986607, 3043261.92207763, 32);"Schelde";"M2";"Est";3849018.50986607;3043261.92207763;32;"Upper_point"
"338";c(3848483.04562894, 3042996.30660383, 37);"Schelde";"M2";"Low";3848483.04562894;3042996.30660383;37;"Upper_point"
"339";c(3849494.44421839, 3043407.33941789, 31);"Schelde";"M2";"Up";3849494.44421839;3043407.33941789;31;"Upper_point"
"340";c(3884986.43534765, 3122888.49686274, 0);"Schelde";"M2";"Est";3884986.43534765;3122888.49686274;0;"Lower_point"
"341";c(3882301.65490109, 3121808.76940311, 3);"Schelde";"M2";"Low";3882301.65490109;3121808.76940311;3;"Lower_point"
"342";c(3885869.89185081, 3120651.80794238, 1);"Schelde";"M2";"Up";3885869.89185081;3120651.80794238;1;"Lower_point"
"343";c(3884406.97302138, 2811485.51789816, 109);"Seine";"M1";"Est";3884406.97302138;2811485.51789816;109;"Only_point"
"344";c(3884840.70892235, 2810999.06083542, 113);"Seine";"M1";"Low";3884840.70892235;2810999.06083542;113;"Only_point"
"345";c(3883836.91230732, 2811710.95744163, 109);"Seine";"M1";"Up";3883836.91230732;2811710.95744163;109;"Only_point"
"346";c(3916065.05278463, 2750352.80102988, 261);"Seine";"M2";"Est";3916065.05278463;2750352.80102988;261;"Upper_point"
"347";c(3916283.06126521, 2749969.4210347, 264);"Seine";"M2";"Low";3916283.06126521;2749969.4210347;264;"Upper_point"
"348";c(3916155.80218677, 2750637.1560692, 263);"Seine";"M2";"Up";3916155.80218677;2750637.1560692;263;"Upper_point"
"349";c(3872772.57503539, 2831959.47242108, 87);"Seine";"M2";"Est";3872772.57503539;2831959.47242108;87;"Lower_point"
"350";c(3873318.98124996, 2831599.43648253, 88);"Seine";"M2";"Low";3873318.98124996;2831599.43648253;88;"Lower_point"
"351";c(3873123.0225521, 2832288.97487017, 87);"Seine";"M2";"Up";3873123.0225521;2832288.97487017;87;"Lower_point"
"352";c(3816203.72664541, 2986898.91389989, 54);"Somme";"M1";"Est";3816203.72664541;2986898.91389989;54;"Only_point"
"353";c(3817256.80366512, 2985881.65032667, 55);"Somme";"M1";"Low";3817256.80366512;2985881.65032667;55;"Only_point"
"354";c(3815690.97266115, 2988168.28847108, 54);"Somme";"M1";"Up";3815690.97266115;2988168.28847108;54;"Only_point"
"355";c(3818092.0764167, 2984736.66510835, 54);"Somme";"M2";"Est";3818092.0764167;2984736.66510835;54;"Upper_point"
"356";c(3819576.85869961, 2983902.24064548, 57);"Somme";"M2";"Low";3819576.85869961;2983902.24064548;57;"Upper_point"
"357";c(3817156.08738451, 2986145.05307053, 53);"Somme";"M2";"Up";3817156.08738451;2986145.05307053;53;"Upper_point"
"358";c(3743055.62704526, 3025167.79984929, 6);"Somme";"M2";"Est";3743055.62704526;3025167.79984929;6;"Lower_point"
"359";c(3745703.44071453, 3023712.63066118, 8);"Somme";"M2";"Low";3745703.44071453;3023712.63066118;8;"Lower_point"
"360";c(3740764.54934446, 3027015.86717646, 14);"Somme";"M2";"Up";3740764.54934446;3027015.86717646;14;"Lower_point"
"361";c(3274586.44538468, 2046858.35605546, 786);"Tajo";"M1";"Est";3274586.44538468;2046858.35605546;786;"Only_point"
"362";c(3274828.31942061, 2047231.1737842, 790);"Tajo";"M1";"Low";3274828.31942061;2047231.1737842;790;"Only_point"
"363";c(3274228.38904115, 2046453.55744092, 797);"Tajo";"M1";"Up";3274228.38904115;2046453.55744092;797;"Only_point"
"364";c(3295410.80612476, 2049390.25089245, 924);"Tajo";"M2";"Est";3295410.80612476;2049390.25089245;924;"Upper_point"
"365";c(3295500.20553234, 2048913.88473314, 908);"Tajo";"M2";"Low";3295500.20553234;2048913.88473314;908;"Upper_point"
"366";c(3295422.31336275, 2049892.60893918, 903);"Tajo";"M2";"Up";3295422.31336275;2049892.60893918;903;"Upper_point"
"367";c(3225448.3057064, 2011066.68138946, 598);"Tajo";"M2";"Est";3225448.3057064;2011066.68138946;598;"Lower_point"
"368";c(3226925.21446931, 2010474.26864083, 604);"Tajo";"M2";"Low";3226925.21446931;2010474.26864083;604;"Lower_point"
"369";c(3224242.73463231, 2010676.83122838, 594);"Tajo";"M2";"Up";3224242.73463231;2010676.83122838;594;"Lower_point"
"370";c(3813454.50022833, 2381872.06824758, 600);"Tarn";"M1";"Est";3813454.50022833;2381872.06824758;600;"Only_point"
"371";c(3813668.46889999, 2382055.86601839, 606);"Tarn";"M1";"Low";3813668.46889999;2382055.86601839;606;"Only_point"
"372";c(3813265.77935813, 2381921.5290104, 601);"Tarn";"M1";"Up";3813265.77935813;2381921.5290104;601;"Only_point"
"373";c(3815248.6366403, 2381896.74310428, 630);"Tarn";"M2";"Est";3815248.6366403;2381896.74310428;630;"Upper_point"
"374";c(3815351.65950534, 2382029.82876876, 633);"Tarn";"M2";"Low";3815351.65950534;2382029.82876876;633;"Upper_point"
"375";c(3815252.59402471, 2381797.69509451, 627);"Tarn";"M2";"Up";3815252.59402471;2381797.69509451;627;"Upper_point"
"376";c(3701095.47493917, 2346336.6518108, 186);"Tarn";"M2";"Est";3701095.47493917;2346336.6518108;186;"Lower_point"
"377";c(3701699.53966252, 2346050.99797928, 188);"Tarn";"M2";"Low";3701699.53966252;2346050.99797928;188;"Lower_point"
"378";c(3700842.72500281, 2346858.6882081, 180);"Tarn";"M2";"Up";3700842.72500281;2346858.6882081;180;"Lower_point"
"379";c(4488590.98515038, 2281411.50158599, 372);"Tevere";"M1";"Est";4488590.98515038;2281411.50158599;372;"Only_point"
"380";c(4488574.64535534, 2281810.62899989, 371);"Tevere";"M1";"Low";4488574.64535534;2281810.62899989;371;"Only_point"
"381";c(4488587.21940642, 2281011.74837061, 369);"Tevere";"M1";"Up";4488587.21940642;2281011.74837061;369;"Only_point"
"382";c(4486338.0584498, 2286170.08725132, 431);"Tevere";"M2";"Est";4486338.0584498;2286170.08725132;431;"Upper_point"
"383";c(4486149.18687153, 2286401.64325848, 430);"Tevere";"M2";"Low";4486149.18687153;2286401.64325848;430;"Upper_point"
"384";c(4486505.69114759, 2286063.08837245, 436);"Tevere";"M2";"Up";4486505.69114759;2286063.08837245;436;"Upper_point"
"385";c(4515844.34435313, 2154273.58744853, 50);"Tevere";"M2";"Est";4515844.34435313;2154273.58744853;50;"Lower_point"
"386";c(4513911.56915488, 2156589.68471398, 59);"Tevere";"M2";"Low";4513911.56915488;2156589.68471398;59;"Lower_point"
"387";c(4518545.96116595, 2153362.71812591, 51);"Tevere";"M2";"Up";4518545.96116595;2153362.71812591;51;"Lower_point"
"388";c(3606893.45676955, 3199044.39768269, 7);"Thames";"M1";"Est";3606893.45676955;3199044.39768269;7;"Only_point"
"389";c(3605470.65215332, 3198364.72917428, 6);"Thames";"M1";"Low";3605470.65215332;3198364.72917428;6;"Only_point"
"390";c(3607050.93550338, 3200393.94883543, 5);"Thames";"M1";"Up";3607050.93550338;3200393.94883543;5;"Only_point"
"391";c(3504032.23667892, 3237304.12740837, 80);"Thames";"M2";"Est";3504032.23667892;3237304.12740837;80;"Upper_point"
"392";c(3503535.82641767, 3237742.6287194, 81);"Thames";"M2";"Low";3503535.82641767;3237742.6287194;81;"Upper_point"
"393";c(3504643.66149016, 3237000.29131841, 82);"Thames";"M2";"Up";3504643.66149016;3237000.29131841;82;"Upper_point"
"394";c(3613327.01673047, 3201924.84467894, 2);"Thames";"M2";"Est";3613327.01673047;3201924.84467894;2;"Lower_point"
"395";c(3612577.43133826, 3202992.68054523, 0);"Thames";"M2";"Low";3612577.43133826;3202992.68054523;0;"Lower_point"
"396";c(3613705.66711077, 3200533.32911302, 10);"Thames";"M2";"Up";3613705.66711077;3200533.32911302;10;"Lower_point"
"397";c(4236504.12563857, 2586091.37902222, 332);"Ticino";"M1";"Est";4236504.12563857;2586091.37902222;332;"Only_point"
"398";c(4236312.54772479, 2586317.27541935, 334);"Ticino";"M1";"Low";4236312.54772479;2586317.27541935;334;"Only_point"
"399";c(4236653.38107843, 2585831.83520936, 326);"Ticino";"M1";"Up";4236653.38107843;2585831.83520936;326;"Only_point"
"400";c(4236881.09972755, 2585640.45487646, 328);"Ticino";"M2";"Est";4236881.09972755;2585640.45487646;328;"Upper_point"
"401";c(4236609.21507661, 2585921.54739769, 327);"Ticino";"M2";"Low";4236609.21507661;2585921.54739769;327;"Upper_point"
"402";c(4237111.9858175, 2585449.68941738, 324);"Ticino";"M2";"Up";4237111.9858175;2585449.68941738;324;"Upper_point"
"403";c(4217949.22477328, 2508118.3793792, 191);"Ticino";"M2";"Est";4217949.22477328;2508118.3793792;191;"Lower_point"
"404";c(4210764.40876379, 2515485.65749547, 191);"Ticino";"M2";"Low";4210764.40876379;2515485.65749547;191;"Lower_point"
"405";c(4219111.06063226, 2500491.74451069, 162);"Ticino";"M2";"Up";4219111.06063226;2500491.74451069;162;"Lower_point"
"406";c(5548929.35609934, 2288804.76854438, 513);"Tundzha";"M1";"Est";5548929.35609934;2288804.76854438;513;"Only_point"
"407";c(5548732.25081393, 2288776.64403688, 516);"Tundzha";"M1";"Low";5548732.25081393;2288776.64403688;516;"Only_point"
"408";c(5549219.64333565, 2288858.30366627, 511);"Tundzha";"M1";"Up";5549219.64333565;2288858.30366627;511;"Only_point"
"409";c(5548929.35609934, 2288804.76854438, 513);"Tundzha";"M2";"Est";5548929.35609934;2288804.76854438;513;"Upper_point"
"410";c(5548732.25081393, 2288776.64403688, 516);"Tundzha";"M2";"Low";5548732.25081393;2288776.64403688;516;"Upper_point"
"411";c(5549219.64333565, 2288858.30366627, 511);"Tundzha";"M2";"Up";5549219.64333565;2288858.30366627;511;"Upper_point"
"412";c(5651887.41237268, 2309485.86512372, 148);"Tundzha";"M2";"Est";5651887.41237268;2309485.86512372;148;"Lower_point"
"413";c(5648536.74230601, 2310875.93790017, 156);"Tundzha";"M2";"Low";5648536.74230601;2310875.93790017;156;"Lower_point"
"414";c(5654990.38051172, 2307680.24073533, 148);"Tundzha";"M2";"Up";5654990.38051172;2307680.24073533;148;"Lower_point"
"415";c(3667120.03766901, 2555350.40940381, 295);"Vienne";"M1";"Est";3667120.03766901;2555350.40940381;295;"Only_point"
"416";c(3667151.38202114, 2554989.98268051, 304);"Vienne";"M1";"Low";3667151.38202114;2554989.98268051;304;"Only_point"
"417";c(3666680.88604673, 2555378.16476312, 294);"Vienne";"M1";"Up";3666680.88604673;2555378.16476312;294;"Only_point"
"418";c(3671527.11997158, 2553422.19667716, 301);"Vienne";"M2";"Est";3671527.11997158;2553422.19667716;301;"Upper_point"
"419";c(3671711.2681537, 2553296.65613194, 298);"Vienne";"M2";"Low";3671711.2681537;2553296.65613194;298;"Upper_point"
"420";c(3671402.11576166, 2553776.18975027, 301);"Vienne";"M2";"Up";3671402.11576166;2553776.18975027;301;"Upper_point"
"421";c(3606415.42903963, 2628572.42048317, 76);"Vienne";"M2";"Est";3606415.42903963;2628572.42048317;76;"Lower_point"
"422";c(3605244.11637287, 2626915.66674038, 77);"Vienne";"M2";"Low";3605244.11637287;2626915.66674038;77;"Lower_point"
"423";c(3607241.21117544, 2630592.96518664, 75);"Vienne";"M2";"Up";3607241.21117544;2630592.96518664;75;"Lower_point"
"424";c(3850657.3923095, 2693657.11253019, 242);"Yonne";"M1";"Est";3850657.3923095;2693657.11253019;242;"Only_point"
"425";c(3850936.46488736, 2694069.26999286, 242);"Yonne";"M1";"Low";3850936.46488736;2694069.26999286;242;"Only_point"
"426";c(3850353.4250707, 2693463.86666599, 243);"Yonne";"M1";"Up";3850353.4250707;2693463.86666599;243;"Only_point"
"427";c(3862423.26411217, 2679370.69859665, 391);"Yonne";"M2";"Est";3862423.26411217;2679370.69859665;391;"Upper_point"
"428";c(3862491.52809878, 2679203.13793104, 392);"Yonne";"M2";"Low";3862491.52809878;2679203.13793104;392;"Upper_point"
"429";c(3862374.01566103, 2679456.55458606, 391);"Yonne";"M2";"Up";3862374.01566103;2679456.55458606;391;"Upper_point"
"430";c(3841272.93463367, 2705267.67650173, 183);"Yonne";"M2";"Est";3841272.93463367;2705267.67650173;183;"Lower_point"
"431";c(3841137.66725741, 2704893.77007649, 184);"Yonne";"M2";"Low";3841137.66725741;2704893.77007649;184;"Lower_point"
"432";c(3841549.12847215, 2705666.58674598, 180);"Yonne";"M2";"Up";3841549.12847215;2705666.58674598;180;"Lower_point"
